"lat","lon","location"
"41.7203788757324","-87.6221237182617","ABBOTT PARK, IL"
"39.5104598999023","-76.1630325317383","ABERDEEN, MD"
"45.4590911865234","-98.4873199462891","ABERDEEN, SD"
"42.4858016967773","-71.4333190917969","ACTON, MA"
"42.9570083618164","-85.4924926757812","ADA, MI"
"41.9340705871582","-87.9934997558594","ADDISON, IL"
"32.9590682983398","-96.8357849121094","ADDISON, TX"
"34.1458396911621","-118.77758026123","AGOURA HILLS, CA"
"33.5616416931152","-81.7221374511719","AIKEN, SC"
"41.0841903686523","-81.5140609741211","AKRON, OH"
"37.7668304443359","-122.245300292969","ALAMEDA, CA"
"37.8872718811035","-122.297996520996","ALBANY, CA"
"42.6515502929688","-73.7552108764648","ALBANY, NY"
"35.0841789245605","-106.648643493652","ALBUQUERQUE, NM"
"38.896900177002","-77.0063323974609","ALEXANDRIA, DC"
"31.3126602172852","-92.4456787109375","ALEXANDRIA, LA"
"38.8045997619629","-77.0434112548828","ALEXANDRIA, VA"
"34.0937004089355","-118.12727355957","ALHAMBRA, CA"
"43.2459983825684","-77.6638870239258","ALHAMBRA, NY"
"33.5673484802246","-117.72779083252","ALISO VIEJO, CA"
"42.2639198303223","-83.2200469970703","ALLEN PARK, MI"
"33.1001510620117","-96.6744918823242","ALLEN, TX"
"40.6026000976562","-75.4702606201172","ALLENTOWN, PA"
"42.3793754577637","-71.0949325561523","ALLSTON, MA"
"37.2551002502441","-119.617523193359","ALPHARETTA, CA"
"27.0324897766113","-81.9705810546875","ALPHARETTA, FL"
"34.0753707885742","-84.294548034668","ALPHARETTA, GA"
"37.5128211975098","-78.6979446411133","ALPHARETTA, VA"
"28.6659107208252","-81.3597564697266","ALTAMONTE SPRINGS, FL"
"35.2072486877441","-101.833892822266","AMARILLO, TX"
"39.0267486572266","-84.2158508300781","AMELIA, OH"
"44.3927803039551","-117.624778747559","AMELIA, OR"
"42.0253410339355","-93.6202011108398","AMES, IA"
"42.3752593994141","-72.5189514160156","AMHERST, MA"
"42.861930847168","-71.6240234375","AMHERST, NH"
"42.978889465332","-78.7994537353516","AMHERST, NY"
"33.8327598571777","-117.915718078613","ANAHEIM, CA"
"61.2175598144531","-149.858383178711","ANCHORAGE, AK"
"34.8999290466309","-92.4388732910156","ANCHORAGE, AR"
"42.6580696105957","-71.1419067382812","ANDOVER, MA"
"45.2438507080078","-93.3061828613281","ANDOVER, MN"
"42.2821006774902","-83.7484664916992","ANN ARBOR, MI"
"40.6408004760742","-74.8817672729492","ANNANDALE, NJ"
"38.8317909240723","-77.1952972412109","ANNANDALE, VA"
"38.9766693115234","-76.4899597167969","ANNAPOLIS, MD"
"42.9823913574219","-76.2921524047852","ANNAPOLIS, NY"
"44.2407989501953","-88.4085006713867","APPLETON, WI"
"34.1361389160156","-118.038871765137","ARCADIA, CA"
"44.2523193359375","-91.4991607666016","ARCADIA, WI"
"46.1005783081055","-84.6496124267578","ARDEN HILLS, MI"
"45.0791702270508","-93.1582565307617","ARDEN HILLS, MN"
"34.172679901123","-97.1287689208984","ARDMORE, OK"
"40.0073394775391","-75.2899703979492","ARDMORE, PA"
"33.1077308654785","-96.9182815551758","ARDMORE, TX"
"42.0871810913086","-87.9804382324219","ARLINGTON HEIGHTS, IL"
"42.4162902832031","-71.1567611694336","ARLINGTON, MA"
"35.2915191650391","-89.6744995117188","ARLINGTON, TN"
"32.7355995178223","-97.1077194213867","ARLINGTON, TX"
"38.8785858154297","-77.0688323974609","ARLINGTON, VA"
"48.1942901611328","-122.126411437988","ARLINGTON, WA"
"41.1194114685059","-73.708381652832","ARMONK, NY"
"31.7056007385254","-83.6542510986328","ASHBURN, GA"
"39.051628112793","-77.4831466674805","ASHBURN, VA"
"42.2612991333008","-71.4657897949219","ASHLAND, MA"
"42.1996688842773","-122.71703338623","ASHLAND, OR"
"40.7752304077148","-73.8910980224609","ASTORIA, NY"
"33.9581298828125","-83.3732528686523","ATHENS, GA"
"39.328498840332","-82.1044387817383","ATHENS, OH"
"37.3154640197754","-121.893890380859","ATLANTA, CA"
"15.1400003433228","-38.4300003051758","ATLANTA, FL"
"33.7483100891113","-84.39111328125","ATLANTA, GA"
"40.2161483764648","-86.0262298583984","ATLANTA, IN"
"35.585880279541","-82.5865173339844","ATLANTA, NC"
"40.7142791748047","-74.2761764526367","ATLANTA, NJ"
"42.5543403625488","-77.472282409668","ATLANTA, NY"
"33.1152992248535","-94.1681137084961","ATLANTA, TX"
"42.6711196899414","-83.2205276489258","AUBURN HILLS, MI"
"46.3493614196777","-94.198371887207","AUBURN HILLS, MN"
"32.6041412353516","-85.4818801879883","AUBURN, AL"
"38.8961982727051","-121.078872680664","AUBURN, CA"
"41.3669281005859","-85.0539627075195","AUBURN, IN"
"44.0977592468262","-70.2292861938477","AUBURN, ME"
"43.6028900146484","-84.0693893432617","AUBURN, MI"
"43.0020790100098","-71.3463516235352","AUBURN, NH"
"47.3073997497559","-122.230407714844","AUBURN, WA"
"33.4790916442871","-81.9753112792969","AUGUSTA, GA"
"44.363151550293","-69.6363906860352","AUGUSTA, ME"
"39.7093200683594","-104.814582824707","AURORA, CO"
"41.7570686340332","-88.3160629272461","AURORA, IL"
"41.3149604797363","-81.3454895019531","AURORA, OH"
"37.2424011230469","-121.998001098633","AUSTIN, CA"
"38.7879295349121","-107.963256835938","AUSTIN, CO"
"34.8668212890625","-84.3184661865234","AUSTIN, GA"
"43.6665916442871","-92.9729766845703","AUSTIN, MN"
"42.809871673584","-76.4703369140625","AUSTIN, NY"
"30.2675895690918","-97.7429885864258","AUSTIN, TX"
"38.8487892150879","-77.1992416381836","AUSTIN, VA"
"25.9686107635498","-80.1446380615234","AVENTURA, FL"
"35.3669586181641","-119.018859863281","BAKERSFIELD, CA"
"39.2905807495117","-76.609260559082","BALTIMORE, MD"
"39.8454093933105","-82.6020202636719","BALTIMORE, OH"
"38.1397590637207","-79.073112487793","BALTIMORE, VA"
"36.7467498779297","-95.9790191650391","BARTLESVILLE, OK"
"40.7061386108398","-74.5481491088867","BASKING RIDGE, NJ"
"37.5128211975098","-78.6979446411133","BASKING RIDGE, VA"
"30.4433403015137","-91.1869888305664","BATON ROUGE, LA"
"45.4846801757812","-122.796043395996","BEAVERTON, OR"
"42.4918899536133","-71.2814712524414","BEDFORD, MA"
"42.9463806152344","-71.5166931152344","BEDFORD, NH"
"41.3962707519531","-81.5370407104492","BEDFORD, OH"
"32.8405418395996","-97.1418609619141","BEDFORD, TX"
"40.6827812194824","-74.6479110717773","BEDMINSTER, NJ"
"38.4017906188965","-122.712188720703","BELLEVUE, CA"
"35.5324287414551","-82.5233383178711","BELLEVUE, NC"
"41.1364707946777","-95.8930130004883","BELLEVUE, NE"
"45.115478515625","-123.315650939941","BELLEVUE, OR"
"37.5905418395996","-77.4582672119141","BELLEVUE, VA"
"47.6100196838379","-122.187850952148","BELLEVUE, WA"
"37.5183410644531","-122.276206970215","BELMONT, CA"
"42.3962593078613","-71.1770095825195","BELMONT, MA"
"40.1106185913086","-74.9439392089844","BENSALEM, PA"
"36.3723182678223","-94.2096176147461","BENTONVILLE, AR"
"34.2929649353027","-111.664695739746","BENTONVILLE, AZ"
"40.676399230957","-74.4244003295898","BERKELEY HEIGHTS, NJ"
"37.8698806762695","-122.270538330078","BERKELEY, CA"
"38.7483100891113","-90.3349533081055","BERKELEY, MO"
"41.622501373291","-72.7453689575195","BERLIN, CT"
"44.2115097045898","-72.578987121582","BERLIN, VT"
"43.9683418273926","-88.9473419189453","BERLIN, WI"
"38.9061889648438","-77.0172653198242","BETHESDA, DC"
"38.9863700866699","-77.0969161987305","BETHESDA, MD"
"40.1387825012207","-74.6769104003906","BETHESDA, NJ"
"38.1920585632324","-82.4053802490234","BETHESDA, VA"
"40.6658401489258","-75.0165328979492","BETHLEHEM, NJ"
"40.6310195922852","-75.3777770996094","BETHLEHEM, PA"
"40.7429809570312","-73.4779586791992","BETHPAGE, NY"
"39.0667686462402","-77.4938583374023","BETHPAGE, VA"
"34.0734786987305","-118.400337219238","BEVERLY HILLS, CA"
"42.5635299682617","-71.2709884643555","BILLERICA, MA"
"33.520679473877","-86.8117599487305","BIRMINGHAM, AL"
"42.5459213256836","-83.2155075073242","BIRMINGHAM, MI"
"37.226261138916","-80.4105834960938","BLACKSBURG, VA"
"39.9208602905273","-105.070579528809","BLOOMFIELD, CO"
"41.8276100158691","-72.7358016967773","BLOOMFIELD, CT"
"40.7919082641602","-74.1957473754883","BLOOMFIELD, NJ"
"34.8772010803223","-84.9579467773438","BLOOMINGTON, GA"
"40.4850082397461","-88.9977111816406","BLOOMINGTON, IL"
"39.1665916442871","-86.5342407226562","BLOOMINGTON, IN"
"43.8790588378906","-85.7999496459961","BLOOMINGTON, MI"
"44.8211097717285","-93.3055572509766","BLOOMINGTON, MN"
"39.2378997802734","-84.3953323364258","BLUE ASH, OH"
"40.1547203063965","-75.2647476196289","BLUE BELL, PA"
"26.3504905700684","-80.088996887207","BOCA RATON, FL"
"43.6069793701172","-116.193412780762","BOISE, ID"
"41.6981887817383","-88.08056640625","BOLINGBROOK, IL"
"42.9833984375","-80.2664031982422","BOSTON, CA"
"42.3586616516113","-71.0567398071289","BOSTON, MA"
"44.5537605285645","-69.6198120117188","BOSTON, ME"
"40.5249099731445","-74.5799331665039","BOSTON, NJ"
"42.6409492492676","-78.7395172119141","BOSTON, NY"
"47.7913017272949","-122.228996276855","BOTHELL, WA"
"37.3997688293457","-121.822929382324","BOULDER, CA"
"40.015739440918","-105.279243469238","BOULDER, CO"
"38.9609718322754","-76.7404708862305","BOWIE, MD"
"42.4840087890625","-71.5140991210938","BOXBOROUGH, MA"
"42.2063903808594","-71.0048065185547","BRAINTREE, MA"
"43.1167297363281","-76.1783676147461","BRAINTREE, NY"
"33.9174194335938","-117.888206481934","BREA, CA"
"38.6182098388672","-90.3484802246094","BRENTWOOD, MO"
"40.7811012268066","-73.2466812133789","BRENTWOOD, NY"
"36.0325584411621","-86.7891616821289","BRENTWOOD, TN"
"41.5337409973145","-73.365837097168","BRIDGEWATER, CT"
"34.2020149230957","-84.4368133544922","BRIDGEWATER, GA"
"41.9887313842773","-70.9770202636719","BRIDGEWATER, MA"
"42.1605987548828","-83.9010009765625","BRIDGEWATER, MI"
"40.5928802490234","-74.6250991821289","BRIDGEWATER, NJ"
"29.5573616027832","-95.6154632568359","BRIDGEWATER, TX"
"37.686840057373","-122.402076721191","BRISBANE, CA"
"40.8372917175293","-73.8860092163086","BRONX, NY"
"32.6423797607422","-96.6878204345703","BROOKFIELD, TX"
"43.0559997558594","-88.1263580322266","BROOKFIELD, WI"
"45.1088905334473","-93.3485717773438","BROOKLYN PARK, MN"
"39.0313987731934","-94.5587997436523","BROOKLYN PARK, MO"
"47.437858581543","-92.9225006103516","BROOKLYN, MN"
"39.9700927734375","-74.0743637084961","BROOKLYN, NJ"
"40.6924514770508","-73.9903564453125","BROOKLYN, NY"
"41.439998626709","-81.7390289306641","BROOKLYN, OH"
"38.3125","-122.851280212402","BROOMFIELD, CA"
"39.9208602905273","-105.070579528809","BROOMFIELD, CO"
"33.446849822998","-97.0156631469727","BROOMFIELD, TX"
"42.1679916381836","-87.9619140625","BUFFALO GROVE, IL"
"40.4130516052246","-82.7112121582031","BUFFALO GROVE, OH"
"32.7584114074707","-97.4961471557617","BUFFALO GROVE, TX"
"42.885440826416","-78.8784637451172","BUFFALO, NY"
"34.1816482543945","-118.30793762207","BURBANK, CA"
"37.5802688598633","-122.350662231445","BURLINGAME, CA"
"39.0277404785156","-84.7238998413086","BURLINGTON, KY"
"42.5058212280273","-71.1937637329102","BURLINGTON, MA"
"38.987621307373","-77.0248184204102","BURLINGTON, MD"
"45.2069396972656","-68.4251708984375","BURLINGTON, ME"
"36.0968589782715","-79.4379119873047","BURLINGTON, NC"
"40.0669288635254","-74.8274917602539","BURLINGTON, NJ"
"44.4759216308594","-73.2132263183594","BURLINGTON, VT"
"48.4684600830078","-122.330291748047","BURLINGTON, WA"
"41.725399017334","-87.9292984008789","BURR RIDGE, IL"
"34.1522598266602","-118.693801879883","CALABASAS, CA"
"38.3314208984375","-121.951042175293","CAMBRIDGE, CA"
"42.3667907714844","-71.1060104370117","CAMBRIDGE, MA"
"38.5631217956543","-76.0780563354492","CAMBRIDGE, MD"
"-31.9354000091553","115.799003601074","CAMBRIDGE, WA"
"40.240119934082","-76.9211883544922","CAMP HILL, PA"
"37.2884788513184","-121.944862365723","CAMPBELL, CA"
"43.9388122558594","-120.55859375","CANONSBURG, OR"
"40.2591400146484","-80.1848373413086","CANONSBURG, PA"
"34.2362518310547","-84.4873275756836","CANTON, GA"
"42.1591987609863","-71.1447906494141","CANTON, MA"
"42.2995986938477","-83.4868011474609","CANTON, MI"
"40.7978096008301","-81.3715667724609","CANTON, OH"
"33.1658782958984","-117.338218688965","CARLSBAD, CA"
"34.4119453430176","-104.236389160156","CARLSBAD, NM"
"39.9783897399902","-86.1264190673828","CARMEL, IN"
"33.581298828125","-85.0784072875977","CARROLLTON, GA"
"35.8430023193359","-86.3430480957031","CARROLLTON, TN"
"32.9879989624023","-96.9005737304688","CARROLLTON, TX"
"39.7070007324219","-86.8230972290039","CARY, IN"
"35.7897491455078","-78.7811584472656","CARY, NC"
"39.3237419128418","-111.678237915039","CARY, UT"
"41.9763412475586","-91.6737594604492","CEDAR RAPIDS, IA"
"37.4913291931152","-122.235862731934","CENTENNIAL, CA"
"39.5951309204102","-104.89884185791","CENTENNIAL, CO"
"40.114200592041","-88.2434997558594","CHAMPAIGN, IL"
"33.3033790588379","-111.840827941895","CHANDLER, AZ"
"40.4859390258789","-80.0277404785156","CHANDLER, PA"
"38.8835983276367","-77.4397506713867","CHANTILLY, VA"
"44.0752067565918","-72.6626892089844","CHANTILLY, VT"
"35.9274520874023","-79.0392684936523","CHAPEL HILL, NC"
"32.7811508178711","-79.9316024780273","CHARLESTON, SC"
"35.2795791625977","-84.7619171142578","CHARLESTON, TN"
"38.3501396179199","-81.6389312744141","CHARLESTON, WV"
"42.3790168762207","-71.0639114379883","CHARLESTOWN, MA"
"39.5732803344727","-75.9756469726562","CHARLESTOWN, MD"
"39.2892799377441","-77.8592910766602","CHARLESTOWN, WV"
"42.0872383117676","-71.399169921875","CHARLOTTE, MA"
"38.4748191833496","-76.7933578491211","CHARLOTTE, MD"
"42.5639991760254","-84.8349380493164","CHARLOTTE, MI"
"35.2228584289551","-80.8379592895508","CHARLOTTE, NC"
"37.2415084838867","-78.4596633911133","CHARLOTTE, SC"
"28.8621292114258","-98.7059707641602","CHARLOTTE, TX"
"37.0115814208984","-78.6616363525391","CHARLOTTE, VA"
"42.7500991821289","-80.3996963500977","CHARLOTTESVILLE, CA"
"38.0321311950684","-78.4775314331055","CHARLOTTESVILLE, VA"
"35.0464401245117","-85.3094635009766","CHATTANOOGA, TN"
"43.5462799072266","-71.0245132446289","CHERRY HILL, NH"
"39.909725189209","-74.9870986938477","CHERRY HILL, NJ"
"40.0748710632324","-75.4596176147461","CHESTERBROOK, PA"
"38.6538009643555","-90.5542831420898","CHESTERFIELD, MO"
"40.1164817810059","-74.6414031982422","CHESTERFIELD, NJ"
"38.9711990356445","-77.0764007568359","CHEVY CHASE, MD"
"41.8966789245605","-87.6281967163086","CHICAGO, CA"
"41.8842506408691","-87.6324462890625","CHICAGO, IL"
"41.5259399414062","-85.364013671875","CHICAGO, IN"
"35.9604606628418","-78.8830795288086","CHICAGO, NC"
"40.718578338623","-74.2874069213867","CHICAGO, NJ"
"29.5599899291992","-104.366401672363","CHICAGO, TX"
"38.8227806091309","-121.311920166016","CINCINNATI, CA"
"43.8818397521973","-85.7962112426758","CINCINNATI, MI"
"39.1071281433105","-84.5041275024414","CINCINNATI, OH"
"34.0233612060547","-117.956611633301","CITY OF INDUSTRY, CA"
"27.9655799865723","-82.7997512817383","CLEARWATER, FL"
"37.8380508422852","-79.9860763549805","CLEARWATER, VA"
"41.5047492980957","-81.6907196044922","CLEVELAND, OH"
"35.1601791381836","-84.8753204345703","CLEVELAND, TN"
"40.8656311035156","-74.1602478027344","CLIFTON, NJ"
"38.7811508178711","-77.3847198486328","CLIFTON, VA"
"33.6564292907715","-84.4487762451172","COLLEGE PARK, GA"
"38.9807205200195","-76.9372711181641","COLLEGE PARK, MD"
"30.6205406188965","-96.3258972167969","COLLEGE STATION, TX"
"40.1869583129883","-75.4525299072266","COLLEGEVILLE, PA"
"35.0425910949707","-89.666618347168","COLLIERVILLE, TN"
"38.8334312438965","-104.821807861328","COLORADO SPRINGS, CO"
"38.0335693359375","-120.402206420898","COLUMBIA, CA"
"42.3203392028809","-71.061653137207","COLUMBIA, MA"
"39.2091598510742","-76.8673095703125","COLUMBIA, MD"
"38.9522094726562","-92.3341522216797","COLUMBIA, MO"
"35.9178009033203","-76.2516403198242","COLUMBIA, NC"
"33.9988212585449","-81.0453720092773","COLUMBIA, SC"
"35.6157188415527","-87.0354385375977","COLUMBIA, TN"
"37.3286781311035","-107.627838134766","COLUMBUS, CO"
"32.4629211425781","-84.9875717163086","COLUMBUS, GA"
"41.5722045898438","-93.613883972168","COLUMBUS, IA"
"39.2014999389648","-85.9186782836914","COLUMBUS, IN"
"38.8059501647949","-76.8954086303711","COLUMBUS, MD"
"33.4950294494629","-88.4288024902344","COLUMBUS, MS"
"39.9619903564453","-83.0027465820312","COLUMBUS, OH"
"37.9816513061523","-122.025833129883","CONCORD, CA"
"42.461009979248","-71.3490524291992","CONCORD, MA"
"35.409969329834","-80.580680847168","CONCORD, NC"
"43.2072486877441","-71.5365982055664","CONCORD, NH"
"37.3634986877441","-76.6185989379883","CONCORD, VA"
"40.079288482666","-75.3009490966797","CONSHOHOCKEN, PA"
"32.9765396118164","-96.991813659668","COPPELL, TX"
"25.7492294311523","-80.2629470825195","CORAL GABLES, FL"
"33.6638793945312","-117.90299987793","COSTA MESA, CA"
"40.3109893798828","-74.5162506103516","CRANBURY, NJ"
"41.7788391113281","-71.4352188110352","CRANSTON, RI"
"34.0216102600098","-118.396209716797","CULVER CITY, CA"
"42.1560287475586","-71.5659027099609","CULVER CITY, MA"
"42.937084197998","-75.6107025146484","CULVER CITY, NY"
"40.1637306213379","-77.2651062011719","CUMBERLAND, PA"
"41.9003410339355","-71.3907470703125","CUMBERLAND, RI"
"34.2035713195801","-84.1399383544922","CUMMING, GA"
"8.82637882232666","-66.5326080322266","CUMMING, GU"
"37.3189582824707","-122.029281616211","CUPERTINO, CA"
"33.8243408203125","-118.037490844727","CYPRESS, CA"
"29.9757900238037","-95.6779174804688","CYPRESS, TX"
"51.397029876709","-97.4857711791992","DALLAS, CA"
"33.925178527832","-84.8415298461914","DALLAS, GA"
"43.0018692016602","-84.7693328857422","DALLAS, MI"
"40.0468711853027","-74.3252410888672","DALLAS, NJ"
"41.3340148925781","-75.9712219238281","DALLAS, PA"
"34.9459495544434","-81.9253921508789","DALLAS, SC"
"36.225658416748","-86.5458679199219","DALLAS, TN"
"32.778148651123","-96.7954025268555","DALLAS, TX"
"37.691089630127","-122.472816467285","DALY CITY, CA"
"41.3926811218262","-73.4535903930664","DANBURY, CT"
"42.5700988769531","-70.9365005493164","DANVERS, MA"
"37.8316192626953","-122.004768371582","DANVILLE, CA"
"40.1594581604004","-87.6304321289062","DANVILLE, IL"
"40.9641609191895","-76.6161193847656","DANVILLE, PA"
"41.0653610229492","-73.482421875","DARIEN, CT"
"41.7453308105469","-87.9837417602539","DARIEN, IL"
"28.1585903167725","-81.6033935546875","DAVENPORT, FL"
"41.5382614135742","-90.5764007568359","DAVENPORT, IA"
"35.4977912902832","-80.8494567871094","DAVIDSON, NC"
"26.0656700134277","-80.2349472045898","DAVIE, FL"
"38.5466918945312","-121.744567871094","DAVIS, CA"
"40.3746910095215","-74.5101470947266","DAYTON, NJ"
"39.7591094970703","-84.1944427490234","DAYTON, OH"
"45.2198905944824","-123.077239990234","DAYTON, OR"
"29.2035694122314","-81.0393981933594","DAYTONA BEACH, FL"
"44.4489517211914","-88.0598678588867","DE PERE, WI"
"42.3220901489258","-83.1762390136719","DEARBORN, MI"
"39.5200614929199","-94.7704772949219","DEARBORN, MO"
"34.6073989868164","-86.9797897338867","DECATUR, AL"
"33.7742614746094","-84.2965927124023","DECATUR, GA"
"39.8458404541016","-88.9524612426758","DECATUR, IL"
"42.2466011047363","-71.1737670898438","DEDHAM, MA"
"42.1711692810059","-88.0910415649414","DEER PARK, IL"
"46.6770515441895","-85.6252136230469","DEER PARK, MI"
"40.7581481933594","-73.3277435302734","DEER PARK, NY"
"26.3200397491455","-80.0997924804688","DEERFIELD BEACH, FL"
"42.1497993469238","-87.8369979858398","DEERFIELD, IL"
"44.1679191589355","-93.261589050293","DEERFIELD, MN"
"39.523609161377","-75.2365875244141","DEERFIELD, NJ"
"29.0276203155518","-81.3054428100586","DELAND, FL"
"26.4643592834473","-80.0741806030273","DELRAY BEACH, FL"
"33.2165603637695","-97.1309814453125","DENTON,"
"33.2165603637695","-97.1309814453125","DENTON, TX"
"39.7400093078613","-104.992301940918","DENVER, CO"
"29.4055004119873","-98.4666976928711","DENVER, TX"
"40.8963088989258","-74.4824371337891","DENVILLE, NJ"
"41.5897598266602","-93.6156463623047","DES MOINES, IA"
"44.3890342712402","-114.65941619873","DES MOINES, ID"
"29.662670135498","-95.1701507568359","DES MOINES, TX"
"42.0419998168945","-87.8884506225586","DES PLAINES, IL"
"39.6206283569336","-90.6757736206055","DETROIT, IL"
"42.3316802978516","-83.0479965209961","DETROIT, MI"
"39.5311889648438","-74.6638031005859","DETROIT, NJ"
"33.6619415283203","-95.2660217285156","DETROIT, TX"
"32.8658218383789","-97.039909362793","DFW AIRPORT, TX"
"34.0008583068848","-117.829071044922","DIAMOND BAR, CA"
"42.6463394165039","-84.6481399536133","DIMONDALE, MI"
"25.8211307525635","-80.3325805664062","DORAL, FL"
"39.9696311950684","-75.0321578979492","DORAL, NJ"
"42.2993278503418","-71.0593643188477","DORCHESTER, MA"
"31.2232208251953","-85.3933715820312","DOTHAN, AL"
"39.158031463623","-75.5247268676758","DOVER, DE"
"43.1934585571289","-70.8741836547852","DOVER, NH"
"41.7952995300293","-88.00634765625","DOWNERS GROVE, IL"
"33.9404106140137","-118.127937316895","DOWNEY, CA"
"40.0045394897461","-75.7071380615234","DOWNINGTOWN, PA"
"40.2849006652832","-75.1400299072266","DOYLESTOWN, PA"
"40.5241394042969","-111.866271972656","DRAPER, UT"
"34.1396102905273","-117.970497131348","DUARTE, CA"
"37.704231262207","-121.916351318359","DUBLIN, CA"
"41.4730186462402","-87.8887710571289","DUBLIN, IL"
"34.6582984924316","-78.7256011962891","DUBLIN, NC"
"40.3232116699219","-74.8028564453125","DUBLIN, NJ"
"40.1049690246582","-83.1330871582031","DUBLIN, OH"
"37.105110168457","-80.6867294311523","DUBLIN, VA"
"42.4991302490234","-90.6632690429688","DUBUQUE, IA"
"38.9555892944336","-77.4493026733398","DULLES, VA"
"30.2966499328613","-81.5630493164062","DULUTH, FL"
"34.0036506652832","-84.1453399658203","DULUTH, GA"
"46.7879600524902","-92.099853515625","DULUTH, MN"
"34.5018615722656","-97.9575424194336","DUNCAN, OK"
"34.9381904602051","-82.1444396972656","DUNCAN, SC"
"33.9262008666992","-84.336181640625","DUNWOODY, GA"
"35.995418548584","-78.8964385986328","DURHAM, NC"
"45.3957290649414","-122.755157470703","DURHAM, OR"
"44.8180809020996","-93.1671600341797","EAGAN, MN"
"32.4528388977051","-97.3003387451172","EAGAN, TX"
"40.4186515808105","-74.4197082519531","EAST BRUNSWICK, NJ"
"41.6311492919922","-87.4808197021484","EAST CHICAGO, IN"
"40.8259696960449","-74.3606185913086","EAST HANOVER, NJ"
"41.7690582275391","-72.6439590454102","EAST HARTFORD, CT"
"42.7374992370605","-84.4837799072266","EAST LANSING, MI"
"41.5152587890625","-90.4398727416992","EAST MOLINE, IL"
"37.4729118347168","-122.139549255371","EAST PALO ALTO, CA"
"40.6618118286133","-89.5871887207031","EAST PEORIA, IL"
"41.8196983337402","-71.3758316040039","EAST PROVIDENCE, RI"
"40.8345489501953","-74.0983505249023","EAST RUTHERFORD, NJ"
"44.8626174926758","-85.7351379394531","EAST SYRACUSE, MI"
"43.0645294189453","-76.0710067749023","EAST SYRACUSE, NY"
"41.9109992980957","-72.5458679199219","EAST WINDSOR, CT"
"40.276309967041","-74.5396575927734","EAST WINDSOR, NJ"
"32.4013710021973","-98.8181228637695","EASTLAND, TX"
"40.6912002563477","-75.209831237793","EASTON, PA"
"40.3051300048828","-74.0587005615234","EATONTOWN, NJ"
"39.8628196716309","-75.3440933227539","EDDYSTONE, PA"
"44.8586616516113","-93.4601287841797","EDEN PRAIRIE, MN"
"38.0672988891602","-91.4234619140625","EDEN PRAIRIE, MO"
"44.641788482666","-89.7367401123047","EDEN PRAIRIE, WI"
"39.4313812255859","-76.3048095703125","EDGEWOOD, MD"
"40.9785995483398","-73.8015441894531","EDGEWOOD, NY"
"44.9116287231445","-93.3482208251953","EDINA, MN"
"26.3011608123779","-98.1606979370117","EDINBURG, TX"
"43.6855239868164","-71.5775985717773","EDISON, NH"
"40.5045013427734","-74.3470001220703","EDISON, NJ"
"32.3065605163574","-106.809432983398","EDISON, NM"
"40.281421661377","-75.1275863647461","EDISON, PA"
"34.8999290466309","-92.4388732910156","EL DORADO HILLS, AR"
"38.6770401000977","-121.077812194824","EL DORADO HILLS, CA"
"34.0706405639648","-118.030372619629","EL MONTE, CA"
"31.7591590881348","-106.487487792969","EL PASO, TX"
"33.919921875","-118.415962219238","EL SEGUNDO, CA"
"42.0395584106445","-88.2832412719727","ELGIN, IL"
"34.1703681945801","-80.7922668457031","ELGIN, SC"
"40.6635093688965","-74.2114562988281","ELIZABETH, NJ"
"42.0032386779785","-88.0091934204102","ELK GROVE VILLAGE, IL"
"38.4090194702148","-121.365142822266","ELK GROVE, CA"
"42.0071983337402","-87.940299987793","ELK GROVE, IL"
"41.6867599487305","-85.9756698608398","ELKHART, IN"
"39.2060813903809","-76.7283630371094","ELKRIDGE, MD"
"39.2687301635742","-76.799430847168","ELLICOTT CITY, MD"
"38.5923004150391","-90.5921325683594","ELLISVILLE, MO"
"31.6035308837891","-89.1938934326172","ELLISVILLE, MS"
"41.9038200378418","-87.9398803710938","ELMHURST, IL"
"41.3676795959473","-82.105842590332","ELYRIA, OH"
"37.8371696472168","-122.301750183105","EMERYVILLE, CA"
"34.1572647094727","-118.499900817871","ENCINO, CA"
"42.0997314453125","-76.0456695556641","ENDICOTT, NY"
"41.998348236084","-72.5743637084961","ENFIELD, CT"
"40.8792381286621","-73.9507827758789","ENGLEWOOD CLIFFS, NJ"
"40.3966217041016","-123.938133239746","ENGLEWOOD, CA"
"39.6546211242676","-104.993560791016","ENGLEWOOD, CO"
"40.8952484130859","-73.9746017456055","ENGLEWOOD, NJ"
"40.0373725891113","-105.038948059082","ERIE, CO"
"42.1294403076172","-80.0852432250977","ERIE, PA"
"39.023811340332","-84.6085433959961","ERLANGER, KY"
"44.049919128418","-123.088539123535","EUGENE, OR"
"42.0570182800293","-87.6864471435547","EVANSTON, IL"
"37.9770812988281","-87.5640487670898","EVANSVILLE, IN"
"42.4081687927246","-71.0544967651367","EVERETT, MA"
"47.9765892028809","-122.205932617188","EVERETT, WA"
"40.2699089050293","-74.7998886108398","EWING, NJ"
"40.0280494689941","-75.6289825439453","EXTON, PA"
"38.8417892456055","-77.3088684082031","FAIRFAX, VA"
"38.2492294311523","-122.043876647949","FAIRFIELD, CA"
"41.1658096313477","-73.229621887207","FAIRFIELD, CT"
"27.9793720245361","-82.4440689086914","FAIRFIELD, FL"
"41.0066413879395","-91.9629135131836","FAIRFIELD, IA"
"40.8800315856934","-74.2895126342773","FAIRFIELD, NJ"
"39.333080291748","-84.5588531494141","FAIRFIELD, OH"
"40.1737289428711","-74.8510208129883","FAIRLESS HILLS, PA"
"38.8854904174805","-77.1736221313477","FALLS CHURCH, VA"
"46.8759117126465","-96.7817611694336","FARGO, ND"
"32.9217681884766","-96.892707824707","FARMERS BRANCH, TX"
"40.1984786987305","-74.166862487793","FARMINGDALE, NJ"
"40.731861114502","-73.4457321166992","FARMINGDALE, NY"
"42.4845581054688","-83.3634033203125","FARMINGTON HILLS, MI"
"46.3493614196777","-94.198371887207","FARMINGTON HILLS, MN"
"40.1387825012207","-74.6769104003906","FARMINGTON HILLS, NJ"
"29.7556705474854","-95.7657165527344","FARMINGTON HILLS, TX"
"41.7121200561523","-72.8385696411133","FARMINGTON, CT"
"42.3352088928223","-72.5323333740234","FARMINGTON, MA"
"42.4654808044434","-83.3783187866211","FARMINGTON, MI"
"35.9575500488281","-83.9270935058594","FARMINGTON, UT"
"37.0516586303711","-76.4349975585938","FARMINGTON, VA"
"36.0632019042969","-94.1579132080078","FAYETTEVILLE, AR"
"33.4486503601074","-84.4545593261719","FAYETTEVILLE, GA"
"35.0544891357422","-78.8775787353516","FAYETTEVILLE, NC"
"47.3011283874512","-122.329849243164","FEDERAL WAY, WA"
"42.7936897277832","-83.7052612304688","FENTON, MI"
"38.5178489685059","-90.4522094726562","FENTON, MO"
"41.0373916625977","-83.6502838134766","FINDLAY, OH"
"39.9581985473633","-86.0170822143555","FISHERS, IN"
"43.0114402770996","-83.6867904663086","FLINT, MI"
"34.8004493713379","-87.6752624511719","FLORENCE, AL"
"39.0008392333984","-84.630989074707","FLORENCE, KY"
"42.3349800109863","-72.6690826416016","FLORENCE, MA"
"40.1166114807129","-74.8067169189453","FLORENCE, NJ"
"34.1936302185059","-79.7690582275391","FLORENCE, SC"
"40.7840805053711","-74.3967971801758","FLORHAM PARK, NJ"
"33.0342216491699","-97.0595932006836","FLOWER MOUND, TX"
"40.7642364501953","-73.82958984375","FLUSHING, NY"
"38.6817512512207","-121.162826538086","FOLSOM, CA"
"33.6790618896484","-117.663673400879","FOOTHILL RANCH, CA"
"40.7152442932129","-73.8451766967773","FOREST HILLS, NY"
"40.581470489502","-105.076263427734","FORT COLLINS, CO"
"26.1236705780029","-80.1435623168945","FORT LAUDERDALE, FL"
"32.648323059082","-83.4445343017578","FORT LAUDERDALE, GA"
"40.8527717590332","-73.9733505249023","FORT LEE, NJ"
"35.0066719055176","-80.9431610107422","FORT MILL, SC"
"26.6408405303955","-81.8680801391602","FORT MYERS, FL"
"35.3846015930176","-94.4213027954102","FORT SMITH, AR"
"40.8512649536133","-73.9420166015625","FORT WASHINGTON, NY"
"40.1457405090332","-75.2081680297852","FORT WASHINGTON, PA"
"41.0802612304688","-85.138313293457","FORT WAYNE, IN"
"32.648323059082","-83.4445343017578","FORT WORTH, GA"
"32.7509498596191","-97.3308563232422","FORT WORTH, TX"
"32.7509498596191","-97.3308563232422","FORTWORTH, TX"
"37.5611381530762","-122.268882751465","FOSTER CITY, CA"
"33.7090682983398","-117.950630187988","FOUNTAIN VALLEY, CA"
"42.2797889709473","-71.4163513183594","FRAMINGHAM, MA"
"40.8965110778809","-77.838752746582","FRAMINGHAM, PA"
"41.49755859375","-87.861686706543","FRANKFORT, IL"
"38.195068359375","-84.8786926269531","FRANKFORT, KY"
"41.020320892334","-74.2000579833984","FRANKLIN LAKES, NJ"
"34.3754501342773","-83.2292633056641","FRANKLIN, GA"
"42.0800285339355","-71.3810577392578","FRANKLIN, MA"
"42.5245018005371","-83.3058776855469","FRANKLIN, MI"
"35.1811103820801","-83.383903503418","FRANKLIN, NC"
"41.1167182922363","-74.5915374755859","FRANKLIN, NJ"
"39.9695587158203","-83.0093536376953","FRANKLIN, OH"
"39.9274482727051","-77.7212219238281","FRANKLIN, PA"
"35.9242515563965","-86.8709335327148","FRANKLIN, TN"
"42.8974800109863","-88.0311889648438","FRANKLIN, WI"
"39.4157409667969","-77.4120330810547","FREDERICK, MD"
"43.8555107116699","-70.1058883666992","FREEPORT, ME"
"40.6584510803223","-73.5872192382812","FREEPORT, NY"
"37.550910949707","-121.98217010498","FREMONT, CA"
"38.4729690551758","-105.439659118652","FREMONT, CO"
"41.4344100952148","-96.4985961914062","FREMONT, NE"
"36.7406806945801","-119.78572845459","FRESNO, CA"
"45.0850982666016","-93.2632598876953","FRIDLEY, MN"
"25.946044921875","-80.2641143798828","FRISCO, FL"
"33.1504898071289","-96.8346405029297","FRISCO, TX"
"26.1236705780029","-80.1435623168945","FT. LAUDERDALE, FL"
"32.7509498596191","-97.3308563232422","FT. WORTH, TX"
"33.8703193664551","-117.929100036621","FULLERTON, CA"
"40.0152702331543","-82.8668212890625","GAHANNA, OH"
"29.6519508361816","-82.3231811523438","GAINESVILLE, FL"
"34.2972717285156","-83.8255004882812","GAINESVILLE, GA"
"33.6242713928223","-97.1430206298828","GAINESVILLE, TX"
"38.7957496643066","-77.6135406494141","GAINESVILLE, VA"
"39.1398582458496","-77.1938171386719","GAITHERSBURG, MD"
"42.2889099121094","-85.4170379638672","GALESBURG, MI"
"29.2953205108643","-94.8079071044922","GALVESTON, TX"
"43.660270690918","-116.279747009277","GARDEN CITY, ID"
"40.7263412475586","-73.6355895996094","GARDEN CITY, NY"
"33.7760696411133","-117.936157226562","GARDEN GROVE, CA"
"33.8837890625","-118.307502746582","GARDENA, CA"
"32.9142684936523","-96.6365509033203","GARLAND, TX"
"35.2621994018555","-81.1864013671875","GASTONIA, NC"
"41.8871917724609","-88.3051681518555","GENEVA, IL"
"42.8664207458496","-76.9820938110352","GENEVA, NY"
"38.2098999023438","-84.5593414306641","GEORGETOWN, KY"
"38.8646583557129","-83.9049224853516","GEORGETOWN, OH"
"47.5346069335938","-122.312576293945","GEORGETOWN, WA"
"39.1821784973145","-77.2700424194336","GERMANTOWN, MD"
"43.2209815979004","-88.1185836791992","GERMANTOWN, WI"
"43.0242118835449","-78.7686004638672","GETZVILLE, NY"
"33.3290405273438","-111.789756774902","GILBERT, AZ"
"33.9237785339355","-81.3918991088867","GILBERT, SC"
"41.7123413085938","-72.6049499511719","GLASTONBURY, CT"
"53.5340766906738","-113.282783508301","GLEN ALLEN, CA"
"37.6653099060059","-77.504150390625","GLEN ALLEN, VA"
"39.1617889404297","-76.6218490600586","GLEN BURNIE, MD"
"39.9202995300293","-75.4904479980469","GLEN MILLS, PA"
"33.5386085510254","-112.18627166748","GLENDALE, AZ"
"34.1463317871094","-118.248641967773","GLENDALE, CA"
"39.6994285583496","-104.936447143555","GLENDALE, CO"
"42.2851791381836","-73.3436889648438","GLENDALE, MA"
"43.1267700195312","-87.9280776977539","GLENDALE, WI"
"42.077449798584","-87.7985687255859","GLENVIEW, IL"
"41.5457000732422","-87.6137390136719","GLENWOOD, IL"
"39.2812690734863","-77.0309906005859","GLENWOOD, MD"
"42.6143493652344","-70.6681137084961","GLOUCESTER, MA"
"38.6266403198242","-121.246032714844","GOLD RIVER, CA"
"44.9857482910156","-93.378776550293","GOLDEN VALLEY, MN"
"39.756649017334","-105.224952697754","GOLDEN, CO"
"34.4356803894043","-119.824096679688","GOLETA, CA"
"41.4068298339844","-74.3165664672852","GOSHEN, NY"
"37.1657295227051","-76.4689178466797","GRAFTON, VA"
"43.3315696716309","-87.9345703125","GRAFTON, WI"
"47.9240798950195","-97.0320281982422","GRAND FORKS, ND"
"43.0307312011719","-78.9659194946289","GRAND ISLAND, NY"
"32.7476997375488","-97.0072021484375","GRAND PRAIRIE, TX"
"42.9664115905762","-85.6711807250977","GRAND RAPIDS, MI"
"48.5321388244629","-117.617370605469","GRAND RAPIDS, WA"
"32.9394302368164","-97.0783920288086","GRAPEVINE, TX"
"40.8007202148438","-73.7280120849609","GREAT NECK, NY"
"40.4232711791992","-104.694458007812","GREELEY, CO"
"44.5127906799316","-88.0101623535156","GREEN BAY, WI"
"39.0006713867188","-76.8803100585938","GREENBELT, MD"
"37.5128211975098","-78.6979446411133","GREENBELT, VA"
"39.7847709655762","-85.7692718505859","GREENFIELD, IN"
"36.0689888000488","-79.7947006225586","GREENSBORO, NC"
"39.3376808166504","-85.4849624633789","GREENSBURG, IN"
"40.1399688720703","-120.951248168945","GREENVILLE, CA"
"39.7801094055176","-75.5961303710938","GREENVILLE, DE"
"35.6072006225586","-77.3802337646484","GREENVILLE, NC"
"34.8482704162598","-82.4001083374023","GREENVILLE, SC"
"44.3086700439453","-88.5366973876953","GREENVILLE, WI"
"41.0642509460449","-73.6397705078125","GREENWICH, CT"
"39.6091690063477","-104.904006958008","GREENWOOD VILLAGE, CO"
"42.4584426879883","-83.1354141235352","GREENWOOD VILLAGE, MI"
"46.3493614196777","-94.198371887207","GREENWOOD VILLAGE, MN"
"35.2122192382812","-94.2552871704102","GREENWOOD, AR"
"39.7949829101562","-105.012901306152","GREENWOOD, CO"
"39.613639831543","-86.1102905273438","GREENWOOD, IN"
"34.1910400390625","-82.1607437133789","GREENWOOD, SC"
"34.9306678771973","-82.2261505126953","GREER, SC"
"41.3460311889648","-72.0313186645508","GROTON, CT"
"18.114444732666","-66.1680526733398","GUAYNABO, PR"
"39.3253364562988","-76.7164154052734","GWYNN OAK, MD"
"40.886058807373","-74.0444564819336","HACKENSACK, NJ"
"39.6425018310547","-77.7175827026367","HAGERSTOWN, MD"
"40.2303581237793","-74.7238616943359","HAMILTON, NJ"
"41.6050796508789","-87.5089263916016","HAMMOND, IN"
"42.9354782104492","-70.839599609375","HAMPTON, NH"
"40.7070083618164","-74.9559020996094","HAMPTON, NJ"
"37.0277900695801","-76.3451232910156","HAMPTON, VA"
"39.1550598144531","-76.720458984375","HANOVER, MD"
"43.7004585266113","-72.2894973754883","HANOVER, NH"
"40.8304290771484","-74.4347915649414","HANOVER, NJ"
"40.2812004089355","-75.3935317993164","HARLEYSVILLE, PA"
"35.3211517333984","-80.6607513427734","HARRISBURG, NC"
"40.2599296569824","-76.8823394775391","HARRISBURG, PA"
"37.0263595581055","-78.7473297119141","HARRISBURG, VA"
"40.7463302612305","-74.1576690673828","HARRISON, NJ"
"40.9700698852539","-73.7122268676758","HARRISON, NY"
"41.7634887695312","-72.6740188598633","HARTFORD, CT"
"31.3068180084229","-89.3159866333008","HATTIESBURG, MS"
"40.8251419067383","-73.2035980224609","HAUPPAUGE, NY"
"33.9181900024414","-118.353736877441","HAWTHORNE, CA"
"40.9536094665527","-74.1554336547852","HAWTHORNE, NJ"
"41.0973892211914","-73.7947082519531","HAWTHORNE, NY"
"37.6713409423828","-122.085517883301","HAYWARD, CA"
"38.7849807739258","-90.3552932739258","HAZELWOOD, MO"
"35.7737197875977","-78.6384124755859","HAZELWOOD, MT"
"36.030818939209","-114.981086730957","HENDERSON, NV"
"38.0102081298828","-122.26538848877","HERCULES, CA"
"36.215160369873","-86.6082458496094","HERMITAGE, TN"
"38.9696884155273","-77.3855514526367","HERNDON, VA"
"44.0752067565918","-72.6626892089844","HERNDON, VT"
"40.2853813171387","-76.6509094238281","HERSHEY, PA"
"40.7634391784668","-73.5275268554688","HICKSVILLE, NY"
"35.9546813964844","-80.0050811767578","HIGH POINT, NC"
"39.0360488891602","-84.4541397094727","HIGHLAND HEIGHTS, KY"
"41.5524291992188","-81.4644927978516","HIGHLAND HEIGHTS, OH"
"41.4594192504883","-81.5331268310547","HIGHLAND HILLS, OH"
"39.5437393188477","-104.946342468262","HIGHLANDS RANCH, CO"
"40.2704086303711","-74.5225296020508","HIGHTSTOWN, NJ"
"40.0298118591309","-83.1510467529297","HILLIARD, OH"
"37.5778007507324","-122.355651855469","HILLSBORO, CA"
"45.5227012634277","-122.990562438965","HILLSBORO, OR"
"47.2434883117676","-123.223327636719","HILLSBORO, WA"
"27.9042797088623","-82.3504867553711","HILLSBOROUGH, FL"
"36.0762100219727","-79.0994415283203","HILLSBOROUGH, NC"
"40.482551574707","-74.6531066894531","HILLSBOROUGH, NJ"
"41.5735015869141","-72.7383041381836","HOBOKEN, CT"
"40.7371597290039","-74.0309677124023","HOBOKEN, NJ"
"42.0629806518555","-88.1229476928711","HOFFMAN ESTATES, IL"
"42.7730903625488","-86.1017608642578","HOLLAND, MI"
"42.2002410888672","-71.4241790771484","HOLLISTON, MA"
"34.1080780029297","-118.346702575684","HOLLYWOOD, CA"
"26.0104103088379","-80.1600799560547","HOLLYWOOD, FL"
"40.3426094055176","-74.1666030883789","HOLMDEL, NJ"
"40.8146896362305","-73.0418472290039","HOLTSVILLE, NY"
"41.5867881774902","-77.2982482910156","HOLTSVILLE, PA"
"34.2213516235352","-118.249687194824","HONOLULU, CA"
"21.3048496246338","-157.857757568359","HONOLULU, HI"
"41.5754013061523","-73.807243347168","HOPEWELL JUNCTION, NY"
"44.9224090576172","-93.4134674072266","HOPKINS, MN"
"28.4427509307861","-81.5816802978516","HOPKINTON, FL"
"42.228759765625","-71.520378112793","HOPKINTON, MA"
"40.1797409057617","-75.1309661865234","HORSHAM, PA"
"54.3981018066406","-126.649002075195","HOUSTON, CA"
"40.2553405761719","-104.810752868652","HOUSTON, CO"
"30.2570209503174","-82.9040298461914","HOUSTON, FL"
"32.4590110778809","-83.6662673950195","HOUSTON, GA"
"42.7185096740723","-71.5046768188477","HOUSTON, NH"
"40.9604797363281","-74.1049423217773","HOUSTON, NJ"
"40.6221504211426","-74.1466369628906","HOUSTON, NY"
"36.2859802246094","-87.7170867919922","HOUSTON, TN"
"29.7604503631592","-95.3697814941406","HOUSTON, TX"
"46.3230895996094","-119.270767211914","HOUSTON, WA"
"42.3911399841309","-71.5676879882812","HUDSON, MA"
"42.7650604248047","-71.4399032592773","HUDSON, NH"
"40.7307395935059","-74.0759582519531","HUDSON, NJ"
"41.2428207397461","-81.4403915405273","HUDSON, OH"
"39.4943504333496","-76.6589584350586","HUNT VALLEY, MD"
"35.410400390625","-80.8428573608398","HUNTERSVILLE, NC"
"33.6788902282715","-118.001571655273","HUNTINGTON BEACH, CA"
"40.8828315734863","-85.4942398071289","HUNTINGTON, IN"
"39.9811706542969","-77.1264801025391","HUNTINGTON, PA"
"34.7291297912598","-86.5849761962891","HUNTSVILLE, AL"
"38.9525909423828","-76.9420700073242","HYATTSVILLE, MD"
"43.492000579834","-112.0419921875","IDAHO FALLS, ID"
"33.0395088195801","-115.365310668945","IMPERIAL, CA"
"39.228199005127","-119.950996398926","INCLINE VILLAGE, NV"
"39.0932388305664","-94.4156265258789","INDEPENDENCE, MO"
"41.3763999938965","-81.6399917602539","INDEPENDENCE, OH"
"44.8511581420898","-123.187103271484","INDEPENDENCE, OR"
"34.0265197753906","-81.2075424194336","INDIAN LAND, SC"
"35.0790100097656","-80.6701736450195","INDIAN TRAIL, NC"
"41.803150177002","-87.9950103759766","INDIANAPOLIS, IL"
"39.7669105529785","-86.1499633789062","INDIANAPOLIS, IN"
"41.3582801818848","-93.5589370727539","INDIANOLA, IA"
"40.5657386779785","-79.8594207763672","INDIANOLA, PA"
"39.7669105529785","-86.1499633789062","INDIANPOLIS, IN"
"33.9617805480957","-118.356216430664","INGLEWOOD, CA"
"44.8324203491211","-93.0626983642578","INVER GROVE HEIGHTS, MN"
"40.8670425415039","-73.9240493774414","INWOOD, NY"
"39.3619613647461","-78.0418395996094","INWOOD, WV"
"41.6578216552734","-91.5265274047852","IOWA CITY, IA"
"41.6578216552734","-91.5265274047852","IOWA, IA"
"42.6795501708984","-70.8383102416992","IPSWICH, MA"
"32.8135108947754","-96.9554977416992","IRIVING, TX"
"33.6872406005859","-117.825820922852","IRVINE, CA"
"38.9985427856445","-105.547813415527","IRVINE, CO"
"29.4095706939697","-82.2688217163086","IRVINE, FL"
"32.8135108947754","-96.9554977416992","IRVINE, TX"
"33.6872406005859","-117.825820922852","IRVINE,, CA"
"32.8135108947754","-96.9554977416992","IRVINE,, TX"
"32.8541984558105","-115.575469970703","IRVING, CA"
"31.4615707397461","-82.5310134887695","IRVING, GA"
"39.7472991943359","-84.2015991210938","IRVING, OH"
"32.8135108947754","-96.9554977416992","IRVING, TX"
"34.1051406860352","-117.933769226074","IRWINDALE, CA"
"33.900520324707","-118.033073425293","ISELIN, CA"
"40.5735702514648","-74.3226470947266","ISELIN, NJ"
"46.4886283874512","-87.6693496704102","ISHPEMING, MI"
"40.8070793151855","-73.1619567871094","ISLANDIA, NY"
"47.5300903320312","-122.033821105957","ISSAQUAH, WA"
"41.9714012145996","-88.0209884643555","ITASCA, IL"
"33.1641082763672","-117.253540039062","ITHACA, CA"
"42.4405097961426","-76.4954605102539","ITHACA, NY"
"30.331470489502","-81.6562194824219","JACKOSNVILLE, FL"
"40.7567672729492","-73.8845443725586","JACKSON HEIGHTS, NY"
"42.244758605957","-84.400520324707","JACKSON, MI"
"32.2986907958984","-90.1804885864258","JACKSON, MS"
"43.4797096252441","-110.762321472168","JACKSON, WY"
"30.331470489502","-81.6562194824219","JACKSONVILE, FL"
"30.2887001037598","-81.3917922973633","JACKSONVILLE BEACH, FL"
"34.8670310974121","-92.1122970581055","JACKSONVILLE, AR"
"30.331470489502","-81.6562194824219","JACKSONVILLE, FL"
"39.7452011108398","-90.2311630249023","JACKSONVILLE, IL"
"40.0738487243652","-74.7490692138672","JACKSONVILLE, NJ"
"30.331470489502","-81.6562194824219","JACKSONVILLE,, FL"
"42.315055847168","-71.1152725219727","JAMAICA PLAIN, MA"
"40.6981925964355","-73.7955703735352","JAMAICA, NY"
"40.3498306274414","-74.4372024536133","JAMESBURG, NJ"
"41.4936714172363","-71.3765029907227","JAMESTOWN, RI"
"42.6878890991211","-89.0182113647461","JANESVILLE, WI"
"38.3914489746094","-86.932243347168","JASPER, IN"
"41.7709197998047","-84.0689163208008","JASPER, MI"
"38.5996017456055","-92.1636962890625","JEFFERSON CITY, MO"
"34.926700592041","-89.2910614013672","JEFFERSON CITY, MS"
"40.1387825012207","-74.6769104003906","JEFFERSON CITY, NJ"
"29.9596004486084","-90.1718215942383","JEFFERSON, LA"
"38.5996017456055","-92.1636962890625","JEFFERSON, MO"
"38.2791290283203","-85.7374725341797","JEFFERSONVILLE, IN"
"40.0943412780762","-75.1261291503906","JENKINTOWN, PA"
"40.7910003662109","-73.5381317138672","JERICHO, NY"
"40.7174797058105","-74.0438537597656","JERSEY CITY, NJ"
"40.728099822998","-74.0775985717773","JERSEY CITY, NY"
"40.7174797058105","-74.0438537597656","JERSEY CITY,, NJ"
"29.8842697143555","-95.5717315673828","JERSEY VILLAGE, TX"
"40.7174797058105","-74.0438537597656","JERSY CITY, NJ"
"39.1552085876465","-76.7988510131836","JESSUP, MD"
"41.4698905944824","-75.5605010986328","JESSUP, PA"
"34.0235595703125","-84.1892929077148","JOHN'S CREEK, GA"
"34.0235595703125","-84.1892929077148","JOHN CREEK, GA"
"38.9061889648438","-77.0172653198242","JOHNS CREEK, DC"
"29.0113792419434","-82.7206497192383","JOHNS CREEK, FL"
"34.0235595703125","-84.1892929077148","JOHNS CREEK, GA"
"32.648323059082","-83.4445343017578","JOHNSCREEK, GA"
"42.1158905029297","-75.9576721191406","JOHNSON CITY, NY"
"36.3200798034668","-82.3452835083008","JOHNSON CITY, TN"
"41.672119140625","-93.7121810913086","JOHNSTON, IA"
"41.8238906860352","-71.4987869262695","JOHNSTON, RI"
"41.5249290466309","-88.084587097168","JOLIET, IL"
"35.8352508544922","-90.7050704956055","JONESBORO, AR"
"34.2929649353027","-111.664695739746","JONESBORO, AZ"
"33.5219802856445","-84.3540573120117","JONESBORO, GA"
"39.0282592773438","-96.8304595947266","JUNCTION CITY, KS"
"58.2997283935547","-134.406784057617","JUNEAU, AK"
"26.8719100952148","-80.0526275634766","JUNO BEACH, FL"
"26.9327602386475","-80.1018905639648","JUPITER, FL"
"19.6401290893555","-155.995681762695","KAILUA-KONA, HI"
"42.2915687561035","-85.588508605957","KALAMAZOO, MI"
"48.2016296386719","-114.314903259277","KALISPELL, MT"
"39.1135215759277","-94.626823425293","KANSAS CITY, KS"
"46.3493614196777","-94.198371887207","KANSAS CITY, MN"
"39.1029510498047","-94.5830764770508","KANSAS CITY, MO"
"39.3563995361328","-116.655395507812","KANSAS CITY, NV"
"39.1427116394043","-94.5732116699219","KANSAS, MO"
"29.7674007415771","-95.8287963867188","KATY, TX"
"40.7646293640137","-74.1482620239258","KEARNY, NJ"
"40.5168991088867","-74.3066711425781","KEASBEY, NJ"
"42.9332008361816","-72.2815017700195","KEENE, NH"
"40.345329284668","-81.8682632446289","KEENE, OH"
"32.3972511291504","-97.3311614990234","KEENE, TX"
"32.9308700561523","-97.2259826660156","KELLER, TX"
"40.4359817504883","-74.539176940918","KENDALL PARK, NJ"
"40.6763191223145","-74.2891693115234","KENILWORTH, NJ"
"47.7587585449219","-122.243690490723","KENMORE, WA"
"29.9902000427246","-90.2419891357422","KENNER, LA"
"34.0234413146973","-84.6167602539062","KENNESAW, GA"
"39.8478202819824","-75.7108764648438","KENNETT SQUARE, PA"
"39.0261497497559","-77.0745086669922","KENSINGTON, MD"
"39.0959091186523","-75.5040588378906","KENT, DE"
"43.0322113037109","-85.5492630004883","KENT, MI"
"41.1509284973145","-81.3582229614258","KENT, OH"
"47.3802795410156","-122.237419128418","KENT, WA"
"42.8742904663086","-85.5979232788086","KENTWOOD, MI"
"39.6952514648438","-84.162971496582","KETTERING, OH"
"36.5297698974609","-97.4403915405273","KETTERING, OK"
"32.8613090515137","-96.5638427734375","KETTERING, TX"
"43.6687812805176","-79.29833984375","KEW GARDEN, CA"
"40.708423614502","-73.8268966674805","KEW GARDEN, NY"
"40.708423614502","-73.8268966674805","KEW GARDENS, NY"
"40.1139373779297","-89.1587677001953","KING OF PRUSSIA, IL"
"40.0908012390137","-75.3849868774414","KING OF PRUSSIA, PA"
"31.4627342224121","-99.3330383300781","KING OF PRUSSIA, TX"
"40.0908012390137","-75.3849868774414","KING OF PURSSIA, PA"
"47.4908599853516","-121.835746765137","KING, WA"
"35.1888198852539","-114.05542755127","KINGMAN, AZ"
"35.2426910400391","-81.3457336425781","KINGS MOUNTAIN, NC"
"36.5477981567383","-82.560417175293","KINGSPORT, TN"
"27.5157299041748","-97.8554306030273","KINGSVILLE, TX"
"30.0498275756836","-95.1970977783203","KINGWOOD, TX"
"35.2686882019043","-77.5818023681641","KINSTON, NC"
"49.1099433898926","-123.096321105957","KIRKLAND, CA"
"47.6788482666016","-122.206657409668","KIRKLAND, WA"
"28.2944297790527","-81.40673828125","KISSIMMEE, FL"
"42.2238807678223","-121.78205871582","KLAMATH FALLS, OR"
"35.9604911804199","-83.9209136962891","KNOXVILLE, TN"
"43.738109588623","-87.7916717529297","KOHLER, WI"
"40.4865112304688","-86.1262435913086","KOKOMO, IN"
"32.8370475769043","-117.255386352539","LA JOLLA, CA"
"47.0447692871094","-122.823219299316","LACEY, WA"
"37.8907699584961","-122.128128051758","LAFAYETTE, CA"
"39.98828125","-105.090522766113","LAFAYETTE, CO"
"29.9855308532715","-83.1810684204102","LAFAYETTE, FL"
"40.4173698425293","-86.8765487670898","LAFAYETTE, IN"
"30.2203197479248","-92.0170516967773","LAFAYETTE, LA"
"33.0414085388184","-85.0310821533203","LAGRANGE, GA"
"41.8139915466309","-87.8695907592773","LAGRANGE, IL"
"28.3811492919922","-81.5072937011719","LAKE BUENA VISTA, FL"
"33.6276397705078","-117.717071533203","LAKE FOREST, CA"
"42.2510299682617","-87.8417282104492","LAKE FOREST, IL"
"28.7563991546631","-81.3230895996094","LAKE MARY, FL"
"40.4130516052246","-82.7112121582031","LAKE OSWEGO, OH"
"45.4197387695312","-122.667617797852","LAKE OSWEGO, OR"
"26.6162605285645","-80.057243347168","LAKE WORTH, FL"
"28.044189453125","-81.9478607177734","LAKELAND, FL"
"33.8500289916992","-118.133773803711","LAKEWOOD, CA"
"39.7109184265137","-105.082069396973","LAKEWOOD, CO"
"40.0932502746582","-74.2135772705078","LAKEWOOD, NJ"
"41.484489440918","-81.7782897949219","LAKEWOOD, OH"
"40.0237312316895","-76.3317184448242","LANCASTER, PA"
"34.7206001281738","-80.7709274291992","LANCASTER, SC"
"32.5931587219238","-96.7551116943359","LANCASTER, TX"
"40.1763916015625","-74.9188766479492","LANGHORNE, PA"
"40.2405815124512","-75.2853088378906","LANSDALE, PA"
"42.733829498291","-84.5933380126953","LANSING, MI"
"2.44193005561829","-76.630241394043","LAS VEGAS, CA"
"36.1719093322754","-115.13996887207","LAS VEGAS, NV"
"39.1049118041992","-76.8666381835938","LAUREL, MD"
"31.6968193054199","-89.1351776123047","LAUREL, MS"
"38.9730606079102","-95.2365264892578","LAWRENCE, KS"
"42.7103996276855","-71.1607971191406","LAWRENCE, MA"
"33.952579498291","-83.9879989624023","LAWRENCEVILLE, GA"
"40.2986106872559","-74.7287368774414","LAWRENCEVILLE, NJ"
"41.9980392456055","-77.1264038085938","LAWRENCEVILLE, PA"
"37.5687484741211","-85.2550888061523","LEBANON, KY"
"43.6448097229004","-72.2539520263672","LEBANON, NH"
"40.6408500671387","-74.8375091552734","LEBANON, NJ"
"39.4334297180176","-84.2095108032227","LEBANON, OH"
"36.901050567627","-82.078727722168","LEBANON, VA"
"39.1156692504883","-77.565299987793","LEESBURG, VA"
"40.3896598815918","-111.847473144531","LEHI, UT"
"41.6747817993164","-87.9979934692383","LEMONT, IL"
"38.9609909057617","-94.7405700683594","LENEXA, KS"
"41.527271270752","-99.8111038208008","LENEXA, NE"
"40.1992797851562","-83.0100784301758","LEWIS CENTER, OH"
"33.0472183227539","-96.9959335327148","LEWISVILLE, TX"
"37.2938995361328","-99.5996017456055","LEXINGTON, KS"
"38.0485916137695","-84.5003204345703","LEXINGTON, KY"
"42.4463195800781","-71.2237396240234","LEXINGTON, MA"
"33.9806709289551","-81.2361679077148","LEXINGTON, SC"
"42.2878189086914","-87.9523010253906","LIBERTYVILLE, IL"
"33.6038589477539","-86.1195297241211","LINCOLN, AL"
"42.414119720459","-71.3256301879883","LINCOLN, MA"
"40.8136215209961","-96.7077407836914","LINCOLN, NE"
"37.6433181762695","-114.877532958984","LINCOLN, NV"
"40.4588890075684","-82.849723815918","LINCOLN, OH"
"41.9337997436523","-71.4479675292969","LINCOLN, RI"
"37.8939514160156","-122.082931518555","LINCOLNSHIRE, CA"
"42.2016181945801","-87.9285430908203","LINCOLNSHIRE, IL"
"41.7988395690918","-88.071907043457","LISLE, IL"
"38.0343704223633","-87.5939788818359","LISLE, IN"
"34.748649597168","-92.2744903564453","LITTLE ROCK, AR"
"38.6736297607422","-121.120971679688","LITTLETON, CA"
"39.6169013977051","-105.014518737793","LITTLETON, CO"
"42.5376014709473","-71.5120010375977","LITTLETON, MA"
"37.6754913330078","-121.75821685791","LIVERMORE, CA"
"40.7955284118652","-74.3174209594727","LIVINGSTON, NJ"
"30.7109394073486","-94.9378890991211","LIVINGSTON, TX"
"42.396858215332","-83.3695907592773","LIVONIA, MI"
"44.641788482666","-89.7367401123047","LIVONIA, WI"
"41.867561340332","-88.0110778808594","LOMBARD, IL"
"37.3992004394531","-107.313003540039","LONE TREE, CO"
"33.7667198181152","-118.192398071289","LONG BEACH, CA"
"39.616138458252","-74.2008209228516","LONG BEACH, NJ"
"40.5893898010254","-73.6660766601562","LONG BEACH, NY"
"40.7623672485352","-73.9244384765625","LONG ISLAND CITY, NY"
"40.1639404296875","-105.10050201416","LONGMONT, CO"
"35.8806381225586","-106.304389953613","LOS ALAMOS, NM"
"37.3830795288086","-122.114227294922","LOS ALTOS, CA"
"34.0534896850586","-118.245323181152","LOS ANGELES, CA"
"39.5705299377441","-74.3863372802734","LOS ANGELES, NJ"
"37.2213096618652","-121.979270935059","LOS GATOS, CA"
"39.9772911071777","-105.132118225098","LOUISVILLE, CO"
"38.771411895752","-88.5080718994141","LOUISVILLE, IL"
"38.2548599243164","-85.7664031982422","LOUISVILLE, KY"
"35.822078704834","-84.0398788452148","LOUISVILLE, TN"
"29.7853298187256","-95.1869812011719","LOUISVILLE, TX"
"36.2559089660645","-94.1367797851562","LOWELL, AR"
"42.645881652832","-71.3128433227539","LOWELL, MA"
"33.5845108032227","-101.845008850098","LUBBOCK, TX"
"37.4140205383301","-79.1428375244141","LYNCHBURG, VA"
"40.8050003051758","-74.1268997192383","LYNDHURST, NJ"
"34.7058792114258","-86.7509536743164","MADISON, AL"
"41.279598236084","-72.5958099365234","MADISON, CT"
"30.4689903259277","-83.410026550293","MADISON, FL"
"32.4631004333496","-90.1189880371094","MADISON, MS"
"35.8580513000488","-82.7057113647461","MADISON, NC"
"40.7571182250977","-74.4160079956055","MADISON, NJ"
"38.4137191772461","-78.2791976928711","MADISON, VA"
"43.0424690246582","-89.4039688110352","MADISON, WI"
"41.0940017700195","-74.1545028686523","MAHWAH, NJ"
"36.7343215942383","-76.5839614868164","MAHWAH, VA"
"42.9711112976074","-73.7934722900391","MALTA, NY"
"40.8293190002441","-74.2365798950195","MALVERN, NJ"
"40.0369186401367","-75.5104370117188","MALVERN, PA"
"38.751220703125","-77.4711074829102","MANASSAS, VA"
"38.9696998596191","-123.686943054199","MANCHESTER, CA"
"41.7685699462891","-72.5206604003906","MANCHESTER, CT"
"38.5928802490234","-90.5114288330078","MANCHESTER, MO"
"42.9911689758301","-71.4630889892578","MANCHESTER, NH"
"39.1788101196289","-96.5618362426758","MANHATTAN, KS"
"40.7834014892578","-73.9663009643555","MANHATTAN, NY"
"33.9531898498535","-84.5458831787109","MARIETTA, GA"
"39.4230918884277","-81.4603271484375","MARIETTA, OH"
"40.0561294555664","-76.5571517944336","MARIETTA, PA"
"42.3468017578125","-71.5479888916016","MARLBOROUGH, MA"
"38.7166290283203","-90.4368286132812","MARYLAND HEIGHTS, MO"
"37.5128211975098","-78.6979446411133","MARYLAND HEIGHTS, VA"
"40.2352981567383","-83.3664169311523","MARYSVILLE, OH"
"40.3404998779297","-76.9384231567383","MARYSVILLE, PA"
"39.3569717407227","-84.2976226806641","MASON,"
"33.6555404663086","-117.822746276855","MASON, CA"
"42.5791893005371","-84.4448928833008","MASON, MI"
"39.3569717407227","-84.2976226806641","MASON, OH"
"33.1989517211914","-96.6149978637695","MCKINNEY, TX"
"40.4908409118652","-88.8473281860352","MCLEAN, IL"
"38.9855194091797","-77.113166809082","MCLEAN, MD"
"38.9365196228027","-77.1842803955078","MCLEAN, VA"
"28.0794296264648","-80.607177734375","MELBOURNE, FL"
"38.9394798278809","-90.2527465820312","MELVILLE, IL"
"40.0848617553711","-74.2067108154297","MELVILLE, NJ"
"40.7927513122559","-73.4162979125977","MELVILLE, NY"
"35.1497611999512","-90.0492477416992","MEMPHIS, TN"
"37.4553184509277","-122.178558349609","MENLO PARK, CA"
"37.5128211975098","-78.6979446411133","MENOMONEE FALLS, VA"
"43.1730918884277","-88.1036834716797","MENOMONEE FALLS, WI"
"42.8725090026855","-71.4906005859375","MERRIMACK, NH"
"40.5441589355469","-74.3630294799805","METUCHEN, NJ"
"25.7933502197266","-80.1349105834961","MIAMI BEACH, FL"
"25.7748107910156","-80.1977310180664","MIAMI, FL"
"39.8041496276855","-75.1662292480469","MIAMI, NJ"
"40.6610298156738","-73.9469909667969","MIAMI, NY"
"39.6427307128906","-84.2875595092773","MIAMISBURG, OH"
"38.7519912719727","-122.615409851074","MIDDLETOWN, CA"
"41.5626602172852","-72.6498413085938","MIDDLETOWN, CT"
"39.4501914978027","-75.7168197631836","MIDDLETOWN, DE"
"32.648323059082","-83.4445343017578","MIDDLETOWN, GA"
"40.3937492370605","-74.1033096313477","MIDDLETOWN, NJ"
"41.4455604553223","-74.422477722168","MIDDLETOWN, NY"
"39.5098915100098","-84.4035873413086","MIDDLETOWN, OH"
"40.1952705383301","-76.7323684692383","MIDDLETOWN, PA"
"41.5205383300781","-71.28759765625","MIDDLETOWN, RI"
"43.6170806884766","-84.2450637817383","MIDLAND, MI"
"32.0005912780762","-102.074447631836","MIDLAND, TX"
"41.2255096435547","-73.0570678710938","MILFORD, CT"
"42.1429901123047","-71.5165405273438","MILFORD, MA"
"42.5956802368164","-83.5760726928711","MILFORD, MI"
"39.168399810791","-84.3011016845703","MILFORD, OH"
"37.4328308105469","-121.897132873535","MILPITAS, CA"
"28.4930877685547","-82.4722900390625","MILPITAS, FL"
"42.9943885803223","-84.1879730224609","MILWAUKEE, MI"
"37.5128211975098","-78.6979446411133","MILWAUKEE, VA"
"43.0418090820312","-87.9068374633789","MILWAUKEE, WI"
"44.9790306091309","-93.2649307250977","MINNEAPOLIS, MN"
"38.3679656982422","-92.4778823852539","MINNEAPOLIS, MO"
"28.3992900848389","-97.7586288452148","MINNEAPOLIS, TX"
"44.9400596618652","-93.4673233032227","MINNETONKA, MN"
"39.8409614562988","-75.022216796875","MINNETONKA, NJ"
"25.9820499420166","-80.2205200195312","MIRAMAR, FL"
"41.4917297363281","-90.4898910522461","MOLINE, IL"
"44.8626174926758","-85.7351379394531","MONMOUTH JUNCTION, MI"
"40.3785209655762","-74.5482635498047","MONMOUTH JUNCTION, NJ"
"38.4527015686035","-122.750999450684","MONROE, CA"
"41.3317909240723","-73.2068862915039","MONROE, CT"
"32.5098304748535","-92.1187896728516","MONROE, LA"
"41.9160614013672","-83.3979034423828","MONROE, MI"
"34.9826316833496","-80.5489120483398","MONROE, NC"
"41.1148414611816","-74.6334533691406","MONROE, NJ"
"43.1675567626953","-77.6546630859375","MONROE, NY"
"39.4398994445801","-84.3338012695312","MONROE, OH"
"40.4364814758301","-79.7800903320312","MONROEVILLE, PA"
"34.0597915649414","-118.126510620117","MONTEREY PARK, CA"
"32.3801193237305","-86.3006286621094","MONTGOMERY, AL"
"39.1366004943848","-77.2045135498047","MONTGOMERY, MD"
"30.3892593383789","-95.693229675293","MONTGOMERY, TX"
"41.0488586425781","-74.0620574951172","MONTVALE, NJ"
"40.5052299499512","-80.2072830200195","MOON TOWNSHIP, PA"
"39.9638595581055","-74.9498519897461","MOORESTOWN, NJ"
"39.4612007141113","-76.7024993896484","MOORESVILLE, MD"
"35.58251953125","-80.8146896362305","MOORESVILLE, NC"
"39.63037109375","-79.9578475952148","MORGANTOWN, WV"
"39.6479301452637","-120.906539916992","MORRISTOWN, CA"
"40.7930107116699","-74.4771270751953","MORRISTOWN, NJ"
"36.215030670166","-83.2930374145508","MORRISTOWN, TN"
"35.8230514526367","-78.8301467895508","MORRISVILLE, NC"
"29.8559894561768","-95.2617263793945","MORRISVILLE, TX"
"40.8158493041992","-89.5677871704102","MOSSVILLE, IL"
"45.1035804748535","-93.206169128418","MOUNDS VIEW, MN"
"42.4347991943359","-72.8759002685547","MOUNT LAUREL, MA"
"39.9389305114746","-74.8858795166016","MOUNT LAUREL, NJ"
"37.3896713256836","-122.081596374512","MOUNTAIN VIEW, CA"
"39.7738418579102","-105.055557250977","MOUNTAIN VIEW, CO"
"40.3572883605957","-88.9729690551758","MOUNTAIN VIEW, IL"
"44.7030410766602","-74.1372528076172","MOUNTAIN VIEW, NY"
"40.3306007385254","-76.7771987915039","MOUNTAIN VIEW, PA"
"31.5449295043945","-97.2037811279297","MOUNTAIN VIEW, TX"
"40.6958618164062","-74.4013366699219","MURRAY HILL, NJ"
"41.7495498657227","-88.1640548706055","NAPERVILLE, IL"
"26.1390895843506","-81.7957916259766","NAPLES, FL"
"42.3671112060547","-71.0676193237305","NASHUA, MA"
"42.7586212158203","-71.4643325805664","NASHUA, NH"
"36.167839050293","-86.7781600952148","NASHVILLE, TN"
"31.7362003326416","-106.040161132812","NASHVILLE, TX"
"42.2840003967285","-71.3461685180664","NATICK, MA"
"41.4906883239746","-73.055290222168","NAUGATUCK, CT"
"42.2813110351562","-71.2360534667969","NEEDHAM, MA"
"44.1672401428223","-88.5125122070312","NEENAH, WI"
"38.2855110168457","-85.8246307373047","NEW ALBANY, IN"
"42.937084197998","-75.6107025146484","NEW ALBANY, NY"
"40.0813102722168","-82.8088531494141","NEW ALBANY, OH"
"41.6677207946777","-72.7821502685547","NEW BRITAIN, CT"
"40.4947700500488","-74.4438095092773","NEW BRUNSWICK, NJ"
"39.6597709655762","-75.5639419555664","NEW CASTLE, DE"
"41.3076210021973","-72.9246215820312","NEW HAVEN, CT"
"40.7335395812988","-73.6806411743164","NEW HYDE PARK, NY"
"29.9536991119385","-90.077751159668","NEW ORLEANS, LA"
"40.7096710205078","-74.4022598266602","NEW PROVIDENCE, NJ"
"40.7820014953613","-73.8317031860352","NEW YORK CITY, NY"
"41.6896896362305","-122.85424041748","NEW YORK, CA"
"41.7528114318848","-70.6327362060547","NEW YORK, MA"
"40.788330078125","-74.0152587890625","NEW YORK, NJ"
"35.0594291687012","-107.52661895752","NEW YORK, NM"
"40.7820014953613","-73.8317031860352","NEW YORK, NY"
"45.5958786010742","-122.751579284668","NEW YORK, OR"
"32.1684989929199","-95.669189453125","NEW YORK, TX"
"37.5366592407227","-122.03003692627","NEWARK, CA"
"39.6780090332031","-75.7618103027344","NEWARK, DE"
"40.7319717407227","-74.1742095947266","NEWARK, NJ"
"43.0461883544922","-77.0952224731445","NEWARK, NY"
"33.002010345459","-97.4832229614258","NEWARK, TX"
"39.1145401000977","-81.3974990844727","NEWARK, VA"
"34.1864242553711","-118.936912536621","NEWBURY PARK, CA"
"33.616828918457","-117.93034362793","NEWPORT BEACH, CA"
"37.082878112793","-76.4802322387695","NEWPORT NEWS, VA"
"42.330509185791","-71.1994934082031","NEWTON, MA"
"41.0585594177246","-74.7531890869141","NEWTON, NJ"
"41.4833106994629","-75.7702484130859","NEWTON, PA"
"39.9891395568848","-75.4028625488281","NEWTOWN SQUARE, PA"
"31.4627342224121","-99.3330383300781","NEWTOWN SQUARE, TX"
"40.2556686401367","-74.9613876342773","NEWTOWN, PA"
"40.788330078125","-74.0152587890625","NEWYORK, NJ"
"40.7820014953613","-73.8317031860352","NEWYORK, NY"
"42.0261993408203","-87.8006820678711","NILES, IL"
"31.6970596313477","-97.1028671264648","NILES, TX"
"42.7792205810547","-73.8461990356445","NISKAYUNA, NY"
"33.9428100585938","-84.2109527587891","NORCROSS, GA"
"32.4875793457031","-84.9020767211914","NORFOLK, GA"
"36.8468208312988","-76.2850570678711","NORFOLK, VA"
"44.0752067565918","-72.6626892089844","NORFOLK, VT"
"35.220760345459","-97.4466018676758","NORMAN, OK"
"40.1144485473633","-75.3393020629883","NORRISTOWN, PA"
"40.7930107116699","-74.020378112793","NORTH BERGEN, NJ"
"40.4678001403809","-74.4719009399414","NORTH BRUNSWICK, NJ"
"40.8755493164062","-81.4020614624023","NORTH CANTON, OH"
"42.3256187438965","-87.8560791015625","NORTH CHICAGO, IL"
"39.1427116394043","-94.5732116699219","NORTH KANSAS CITY, MO"
"25.9332294464111","-80.1622161865234","NORTH MIAMI BEACH, FL"
"42.2771186828613","-71.021240234375","NORTH QUINCY, MA"
"42.5872116088867","-71.1187133789062","NORTH READING, MA"
"40.2128715515137","-75.2788162231445","NORTH WALES, PA"
"38.7248992919922","-121.398002624512","NORTHBROOK, CA"
"42.1305809020996","-87.83154296875","NORTHBROOK, IL"
"42.1011390686035","-87.7705612182617","NORTHFIELD, IL"
"34.2395324707031","-118.529800415039","NORTHRIDGE, CA"
"42.4366989135742","-83.5071029663086","NORTHVILLE, MI"
"33.9167404174805","-118.07251739502","NORWALK, CA"
"39.096851348877","-108.568389892578","NORWALK, CO"
"41.1136589050293","-73.4076538085938","NORWALK, CT"
"42.315299987793","-75.8048324584961","NORWALK, NY"
"33.4620780944824","-82.7070083618164","NORWOOD, GA"
"42.1958312988281","-71.1997833251953","NORWOOD, MA"
"39.1616592407227","-84.4556198120117","NORWOOD, OH"
"38.106071472168","-122.567886352539","NOVATO, CA"
"42.4662590026855","-83.4862823486328","NOVI, MI"
"38.8102912902832","-90.6999435424805","O'FALLON, MO"
"38.8102912902832","-90.6999435424805","O FALLON, MO"
"41.8324813842773","-87.9458999633789","OAK BROOK, IL"
"41.137336730957","-81.4982604980469","OAK BROOK, OH"
"42.8891983032227","-87.911979675293","OAK CREEK, WI"
"45.0319709777832","-92.821662902832","OAK PARK HEIGHTS, MN"
"41.8800010681152","-87.7789077758789","OAK PARK, IL"
"42.4658813476562","-83.1829299926758","OAK PARK, MI"
"36.0145301818848","-84.2565383911133","OAK RIDGE, TN"
"41.8542289733887","-87.9651412963867","OAKBROOK TERRACE, IL"
"41.8324813842773","-87.9458999633789","OAKBROOK, IL"
"44.9726104736328","-92.9641418457031","OAKDALE, MN"
"40.3979988098145","-80.1884613037109","OAKDALE, PA"
"37.8050804138184","-122.273071289062","OAKLAND, CA"
"42.6604385375977","-83.3855285644531","OAKLAND, MI"
"40.4579315185547","-74.4387893676758","OAKS, NJ"
"40.1330718994141","-75.4524612426758","OAKS, PA"
"38.8807792663574","-77.3013763427734","OAKTON, VA"
"29.1875190734863","-82.1403884887695","OCALA, FL"
"40.321891784668","-74.0163726806641","OCEANPORT, NJ"
"33.197151184082","-117.380577087402","OCEANSIDE, CA"
"50.28125","-103.781478881836","ODESSA, CA"
"28.1939506530762","-82.5923080444336","ODESSA, FL"
"31.8492603302002","-102.374931335449","ODESSA, TX"
"38.8102912902832","-90.6999435424805","OFALLON, MO"
"41.2223587036133","-111.970481872559","OGDEN, UT"
"42.7154502868652","-84.4300384521484","OKEMOS, MI"
"35.4720306396484","-97.5210723876953","OKLAHOMA CITY, OK"
"35.5514984130859","-97.4072113037109","OKLAHOMA, OK"
"30.1554508209229","-95.5958786010742","OKLAHOMA, TX"
"38.8835296630859","-94.8188705444336","OLATHE, KS"
"40.4029312133789","-74.2971496582031","OLD BRIDGE, NJ"
"41.032299041748","-73.5655822753906","OLD GREENWICH, CT"
"41.0140495300293","-73.9815902709961","OLD TAPPAN, NJ"
"28.0372295379639","-82.6630706787109","OLDSMAR, FL"
"42.0979118347168","-78.3958435058594","OLEAN, NY"
"38.6740989685059","-90.3809204101562","OLIVETTE, MO"
"47.0392303466797","-122.891357421875","OLYMPIA, WA"
"41.2606887817383","-95.9405899047852","OMAHA, NE"
"40.9399909973145","-74.0058822631836","OMAHA, NJ"
"36.0898590087891","-95.6757583618164","OMAHA, OK"
"34.0645713806152","-117.648101806641","ONTARIO, CA"
"32.6505012512207","-85.3806533813477","OPELIKA, AL"
"33.6543998718262","-117.788208007812","ORANGE, CA"
"41.2680702209473","-73.0001220703125","ORANGE, CT"
"41.0530281066895","-73.9464721679688","ORANGEBURG, NY"
"40.2987594604492","-111.69571685791","OREM, UT"
"28.5382308959961","-81.3773880004883","ORLANDO, FL"
"40.8445587158203","-81.7641296386719","ORRVILLE, OH"
"44.0249099731445","-88.54443359375","OSHKOSH, WI"
"41.1633796691895","-73.86083984375","OSSINING, NY"
"41.6830596923828","-88.3530197143555","OSWEGO, IL"
"38.9848899841309","-94.6716766357422","OVERLAND PARK, KS"
"44.0933799743652","-93.229377746582","OWATONNA, MN"
"34.588809967041","-86.4589309692383","OWENS CROSS ROADS, AL"
"39.4160499572754","-76.775390625","OWING MILLS, MD"
"39.4160499572754","-76.775390625","OWINGS MILLS, MD"
"34.3640213012695","-89.5189437866211","OXFORD, MS"
"34.2003402709961","-119.180122375488","OXNARD, CA"
"42.1603393554688","-77.0905532836914","PAINTED POST, NY"
"40.8479309082031","-73.9978408813477","PALISADES PARK, NJ"
"34.657901763916","-92.3475036621094","PALO ALTO, AR"
"37.4446601867676","-122.160789489746","PALO ALTO, CA"
"41.5735015869141","-72.7383041381836","PALO ALTO, CT"
"32.648323059082","-83.4445343017578","PALO ALTO, GA"
"42.0961799621582","-72.4850082397461","PALO ALTO, MA"
"27.6404399871826","-97.8047866821289","PALO ALTO, TX"
"38.423469543457","-79.3705215454102","PALO ALTO, VA"
"40.9267311096191","-74.0602874755859","PARAMUS, NJ"
"42.0085983276367","-87.8303985595703","PARK RIDGE, IL"
"41.0336608886719","-74.0389404296875","PARK RIDGE, NJ"
"40.4633598327637","-74.3213729858398","PARLIN, NJ"
"38.9985427856445","-105.547813415527","PARSIPPANY, CO"
"40.8715209960938","-74.4219589233398","PARSIPPANY, NJ"
"34.1474494934082","-118.144271850586","PASADENA, CA"
"39.1096687316895","-76.5732727050781","PASADENA, MD"
"40.4373207092285","-79.8678665161133","PASADENA, PA"
"29.6908397674561","-95.1962966918945","PASADENA, TX"
"40.0021591186523","-82.6747207641602","PATASKALA, OH"
"40.9166107177734","-74.1716384887695","PATERSON, NJ"
"33.3989295959473","-84.5876922607422","PEACHTREE CITY,"
"33.3989295959473","-84.5876922607422","PEACHTREE CITY, GA"
"40.7183799743652","-74.6588592529297","PEAPACK, NJ"
"29.5509300231934","-95.2568664550781","PEARLAND, TX"
"40.3306198120117","-74.7917327880859","PENNINGTON, NJ"
"30.4208393096924","-87.2172393798828","PENSACOLA, FL"
"33.5773086547852","-112.240898132324","PEORIA, AZ"
"40.692138671875","-89.587760925293","PEORIA, IL"
"41.5567092895508","-83.6288986206055","PERRYSBURG, OH"
"38.2324714660645","-122.644439697266","PETALUMA, CA"
"40.2043991088867","-81.2679672241211","PHILADELPHIA, OH"
"39.952278137207","-75.1624526977539","PHILADELPHIA, PA"
"36.7234992980957","-76.5935974121094","PHILADELPHIA, VA"
"33.1211814880371","-87.5680999755859","PHOENIX, AL"
"33.4482498168945","-112.075798034668","PHOENIX, AZ"
"38.6511917114258","-121.220016479492","PHOENIX, CA"
"43.2294616699219","-76.2986831665039","PHOENIX, NY"
"37.2551002502441","-119.617523193359","PISCATAWAY, CA"
"28.4930877685547","-82.4722900390625","PISCATAWAY, FL"
"35.5393447875977","-79.185417175293","PISCATAWAY, NC"
"40.539249420166","-74.4714889526367","PISCATAWAY, NJ"
"42.937084197998","-75.6107025146484","PISCATAWAY, NY"
"37.9025001525879","-76.834228515625","PISCATAWAY, VA"
"38.019458770752","-121.888511657715","PITTSBURG, CA"
"37.4105682373047","-94.7048416137695","PITTSBURG, KS"
"40.9342498779297","-80.3635025024414","PITTSBURG, PA"
"40.5641212463379","-74.4885101318359","PITTSBURGH, NJ"
"40.4383392333984","-79.9974670410156","PITTSBURGH, PA"
"42.447380065918","-73.2542190551758","PITTSFIELD, MA"
"43.0913314819336","-77.5166625976562","PITTSFORD, NY"
"41.6084403991699","-88.2123565673828","PLAINFIELD, IL"
"39.7043914794922","-86.3977584838867","PLAINFIELD, IN"
"40.617618560791","-74.4170608520508","PLAINFIELD, NJ"
"40.3340492248535","-74.5958480834961","PLAINSBORO, NJ"
"40.7763595581055","-73.4662170410156","PLAINVIEW, NY"
"34.1976699829102","-101.698143005371","PLAINVIEW, TX"
"36.0511703491211","-119.006286621094","PLANO, CA"
"33.0207901000977","-96.6992492675781","PLANO, TX"
"26.1273803710938","-80.2451477050781","PLANTATION, FL"
"33.9787483215332","-118.414192199707","PLAYA VISTA, CA"
"34.2929649353027","-111.664695739746","PLEASANTON, AZ"
"37.6581916809082","-121.877128601074","PLEASANTON, CA"
"40.6904907226562","-75.2007217407227","PLEASANTON, NJ"
"40.102840423584","-75.2746200561523","PLYMOUTH MEETING, PA"
"40.2917785644531","-90.9169921875","PLYMOUTH, IL"
"41.343090057373","-86.3094863891602","PLYMOUTH, IN"
"42.3590202331543","-83.4574966430664","PLYMOUTH, MI"
"45.0188102722168","-93.4757995605469","PLYMOUTH, MN"
"35.8662910461426","-76.7495574951172","PLYMOUTH, NC"
"41.2326698303223","-75.9671096801758","PLYMOUTH, PA"
"43.7568092346191","-87.9848098754883","PLYMOUTH, WI"
"34.0548286437988","-117.750030517578","POMONA, CA"
"38.9061889648438","-77.0172653198242","POMPANO BEACH, DC"
"26.2314491271973","-80.1252212524414","POMPANO BEACH, FL"
"42.6368713378906","-83.2884216308594","PONTIAC, MI"
"29.899320602417","-93.9293823242188","PORT ARTHUR, TX"
"40.8323783874512","-73.7008666992188","PORT WASHINGTON, NY"
"41.5984687805176","-87.1756286621094","PORTAGE, IN"
"42.201530456543","-85.5893707275391","PORTAGE, MI"
"43.5383491516113","-89.4579620361328","PORTAGE, WI"
"48.7258567810059","-123.37166595459","PORTLAND, CA"
"43.6591415405273","-70.2566528320312","PORTLAND, ME"
"45.511791229248","-122.675628662109","PORTLAND, OR"
"43.0706214904785","-70.7721176147461","PORTSMOUTH, NH"
"41.7067108154297","-73.9293670654297","POUGHKEEPSIE, NY"
"32.95458984375","-117.041976928711","POWAY, CA"
"40.3163299560547","-74.6162490844727","PRINCETON JUNCTION, NJ"
"38.3552207946777","-87.5656433105469","PRINCETON, IN"
"35.4651489257812","-78.1582412719727","PRINCETON, NC"
"42.7846717834473","-71.4664611816406","PRINCETON, NH"
"40.3603096008301","-74.6642837524414","PRINCETON, NJ"
"41.8238716125488","-71.4119873046875","PROVIDENCE, RI"
"40.233699798584","-111.668502807617","PROVO, UT"
"46.7301483154297","-117.18147277832","PULLMAN, WA"
"42.3546981811523","-71.0529403686523","PURCHASE, MA"
"41.0368690490723","-73.7129592895508","PURCHASE, NY"
"40.3664093017578","-80.0571365356445","PURCHASE, PA"
"40.7247047424316","-73.7402954101562","QUEENS VILLAGE, NY"
"40.7140007019043","-73.8299865722656","QUEENS, NY"
"39.9355888366699","-91.3958282470703","QUINCY, IL"
"42.2522811889648","-71.0041580200195","QUINCY, MA"
"42.2522811889648","-71.0041580200195","QUINCY,, MA"
"42.7252082824707","-87.790412902832","RACINE, WI"
"39.8932304382324","-74.9012603759766","RADNOR, NJ"
"40.046199798584","-75.3599014282227","RADNOR, PA"
"40.6043395996094","-74.2743606567383","RAHWAY, NJ"
"35.7855110168457","-78.6426696777344","RALEIGH, NC"
"40.4552307128906","-79.7185134887695","RALEIGH, PA"
"38.5746116638184","-121.303611755371","RANCHO CORDOVA, CA"
"31.4627342224121","-99.3330383300781","RANCHO CORDOVA, TX"
"34.102611541748","-117.573837280273","RANCHO CUCAMONGA, CA"
"40.56787109375","-74.6358184814453","RARITAN, NJ"
"32.2593803405762","-90.4227981567383","RAYMOND, MS"
"40.3333587646484","-83.4648208618164","RAYMOND, OH"
"42.5259094238281","-71.1037826538086","READING, MA"
"40.3366203308105","-75.9278411865234","READING, PA"
"34.0552787780762","-117.182579040527","REDLANDS, CA"
"50.2333984375","-87.5333023071289","REDMOND, CA"
"47.678581237793","-122.131576538086","REDMOND, WA"
"37.4845008850098","-122.227722167969","REDWOOD CITY, CA"
"37.5295791625977","-122.267303466797","REDWOOD SHORES, CA"
"39.5273818969727","-119.813438415527","RENO, NV"
"42.644718170166","-73.7412719726562","RENSSELAER, NY"
"40.1139373779297","-89.1587677001953","RENTON, IL"
"47.4755401611328","-122.204551696777","RENTON, WA"
"35.9047660827637","-78.8686904907227","RESEARCH TRIANGLE PARK, NC"
"40.9243507385254","-74.2394638061523","RESTON, NJ"
"38.9596786499023","-77.3545379638672","RESTON, VA"
"44.0752067565918","-72.6626892089844","RESTON, VT"
"38.0089416503906","-81.7540817260742","RESTON, WV"
"39.9552001953125","-82.8056335449219","REYNOLDSBURG, OH"
"33.592098236084","-84.1373977661133","RICHARDSON, GA"
"37.2201614379883","-93.2774276733398","RICHARDSON, MO"
"40.5017204284668","-74.4581069946289","RICHARDSON, NJ"
"35.5114097595215","-89.9401473999023","RICHARDSON, TN"
"32.971549987793","-96.7090911865234","RICHARDSON, TX"
"44.8810882568359","-93.2679214477539","RICHFIELD, MN"
"41.2397003173828","-81.6480178833008","RICHFIELD, OH"
"34.0217781066895","-80.9030303955078","RICHLAND, SC"
"46.2739105224609","-119.273719787598","RICHLAND, WA"
"37.9378089904785","-122.342712402344","RICHMOND, CA"
"33.3596382141113","-82.0735626220703","RICHMOND, GA"
"39.8301086425781","-84.8903274536133","RICHMOND, IN"
"29.582670211792","-95.7621994018555","RICHMOND, TX"
"37.540699005127","-77.4336471557617","RICHMOND, VA"
"46.513801574707","-118.705520629883","RICHMOND, WA"
"40.8582801818848","-74.0247497558594","RIDGEFIELD PARK, NJ"
"41.2840881347656","-73.4986190795898","RIDGEFIELD, CT"
"40.8356513977051","-74.0079498291016","RIDGEFIELD, NJ"
"39.8327102661133","-94.8261795043945","RIDGELAND, MO"
"32.4275588989258","-90.1410980224609","RIDGELAND, MS"
"33.9816284179688","-117.373878479004","RIVERSIDE, CA"
"41.0416297912598","-73.5790863037109","RIVERSIDE, CT"
"39.1767501831055","-94.6131973266602","RIVERSIDE, MO"
"41.7682609558105","-71.361213684082","RIVERSIDE, RI"
"27.8717098236084","-82.3292236328125","RIVERVIEW, FL"
"42.1584701538086","-87.8971099853516","RIVERWOODS, IL"
"32.9981918334961","-97.2294921875","ROANOKE, TX"
"37.2715187072754","-79.9405288696289","ROANOKE, VA"
"42.6648101806641","-83.1604919433594","ROCHESTER HILLS, MI"
"42.6834182739258","-83.1370162963867","ROCHESTER, MI"
"44.0193481445312","-92.4591522216797","ROCHESTER, MN"
"43.3055305480957","-70.9803619384766","ROCHESTER, NH"
"43.1557998657227","-77.6163177490234","ROCHESTER, NY"
"40.7054290771484","-80.2706985473633","ROCHESTER, PA"
"42.2668991088867","-89.0783462524414","ROCKFORD, IL"
"38.988410949707","-85.8914489746094","ROCKFORD, IN"
"28.3326797485352","-80.73486328125","ROCKLEDGE, FL"
"38.7900695800781","-121.234397888184","ROCKLIN, CA"
"39.0816612243652","-77.151237487793","ROCKVILLE, MD"
"41.6675682067871","-72.6390075683594","ROCKY HILL, CT"
"42.0806007385254","-88.0264205932617","ROLLING MEADOWS, IL"
"40.8224487304688","-74.2924423217773","ROSELAND, NJ"
"34.0807189941406","-118.076538085938","ROSEMEAD, CA"
"41.9957504272461","-87.8621597290039","ROSEMONT, IL"
"38.7489318847656","-121.284080505371","ROSEVILLE, CA"
"45.0215797424316","-93.1492919921875","ROSEVILLE, MN"
"34.0216598510742","-84.3602981567383","ROSWELL, GA"
"42.3570098876953","-88.0934600830078","ROUND LAKE, IL"
"30.5090408325195","-97.6772232055664","ROUND ROCK, TX"
"42.488151550293","-83.1424407958984","ROYAL OAK, MI"
"32.5304985046387","-92.6397933959961","RUSTON, LA"
"40.8255882263184","-74.1087417602539","RUTHERFORD, NJ"
"40.9809989929199","-73.6837692260742","RYE, NY"
"41.237720489502","-122.27001953125","SACRAMENTO, CA"
"40.1996917724609","-81.4954986572266","SACRAMENTO, OH"
"47.5898704528809","-92.4614868164062","SAINT LOUIS, MN"
"38.6277503967285","-90.1995620727539","SAINT LOUIS, MO"
"47.0334815979004","-109.645080566406","SAINT LOUIS, MT"
"40.5470314025879","-74.598991394043","SAINT LOUIS, NJ"
"41.3527412414551","-73.4591903686523","SAINT PAUL, CT"
"44.9438209533691","-93.0933227539062","SAINT PAUL, MN"
"40.7669410705566","-91.5164108276367","SAINT PAUL, MT"
"42.5223999023438","-70.8958129882812","SALEM, MA"
"35.6986198425293","-81.69677734375","SALEM, NC"
"42.787971496582","-71.2020416259766","SALEM, NH"
"44.9332618713379","-123.043807983398","SALEM, OR"
"37.2936515808105","-80.0531387329102","SALEM, VA"
"40.1139373779297","-89.1587677001953","SALT LAKE CITY, IL"
"40.760311126709","-111.888221740723","SALT LAKE CITY, UT"
"38.1837997436523","-122.591003417969","SAN ANTONIO, CA"
"40.1139373779297","-89.1587677001953","SAN ANTONIO, IL"
"10.8635997772217","-74.7058029174805","SAN ANTONIO, MA"
"40.8965110778809","-77.838752746582","SAN ANTONIO, PA"
"35.8430023193359","-86.3430480957031","SAN ANTONIO, TN"
"29.4245796203613","-98.4946136474609","SAN ANTONIO, TX"
"37.6249198913574","-122.414138793945","SAN BRUNO, CA"
"38.7784309387207","-104.813148498535","SAN BRUNO, CO"
"32.8525390625","-96.6005935668945","SAN BRUNO, TX"
"37.5045013427734","-122.26229095459","SAN CARLOS, CA"
"8.69999980926514","-75.6999969482422","SAN CARLOS, CO"
"32.715690612793","-117.161720275879","SAN DIEGO, CA"
"36.236759185791","-115.205947875977","SAN DIEGO, NV"
"37.7771186828613","-122.419639587402","SAN FRANCISCO, CA"
"32.648323059082","-83.4445343017578","SAN FRANCISCO, GA"
"39.5219497680664","-79.3475189208984","SAN FRANCISCO, MD"
"29.8934993743896","-102.403999328613","SAN FRANCISCO, TX"
"37.3385810852051","-121.885566711426","SAN JOSE,"
"37.3385810852051","-121.885566711426","SAN JOSE, CA"
"8.74326992034912","-75.8666534423828","SAN JOSE, CO"
"35.5393447875977","-79.185417175293","SAN JOSE, NC"
"27.583459854126","-98.3042221069336","SAN JOSE, TX"
"37.3010406494141","-79.2775115966797","SAN JOSE, VA"
"37.7282600402832","-122.158508300781","SAN LEANDRO, CA"
"37.5470314025879","-122.314826965332","SAN MATEO, CA"
"9.0986499786377","-75.4560012817383","SAN MATEO, CO"
"35.8430023193359","-86.3430480957031","SAN MATEO, TN"
"37.5128211975098","-78.6979446411133","SAN MATEO, VA"
"37.9745712280273","-122.532470703125","SAN RAFAEL, CA"
"39.9436912536621","-75.3583908081055","SAN RAFAEL, PA"
"37.7794914245605","-121.969039916992","SAN RAMON, CA"
"27.9330997467041","-99.3874969482422","SAN RAMON, TX"
"44.641788482666","-89.7367401123047","SAN RAMON, WI"
"37.7771186828613","-122.419639587402","SANFRANCISCO, CA"
"33.7495803833008","-117.874298095703","SANTA ANA, CA"
"34.4193801879883","-119.69905090332","SANTA BARBARA, CA"
"37.3557395935059","-121.954986572266","SANTA CLARA, CA"
"29.5993309020996","-98.1548614501953","SANTA CLARA, TX"
"34.0115585327148","-118.492286682129","SANTA MONICA, CA"
"32.0809097290039","-81.0911865234375","SAVANNAH, GA"
"41.9891014099121","-88.1178970336914","SCHAUMBURG, CA"
"42.026008605957","-88.0655288696289","SCHAUMBURG, IL"
"41.1159400939941","-85.172721862793","SCHAUMBURG, IN"
"35.5393447875977","-79.185417175293","SCHENECTADY, NC"
"42.8122482299805","-73.9410171508789","SCHENECTADY, NY"
"36.4841346740723","-94.3019790649414","SCOTTSDALE, AR"
"33.4939994812012","-111.920692443848","SCOTTSDALE, AZ"
"49.1412811279297","-122.901039123535","SCOTTSDALE, CA"
"39.5042991638184","-76.9704971313477","SCOTTSDALE, MD"
"37.4804000854492","-77.4524993896484","SCOTTSDALE, VA"
"47.6019439697266","-122.332778930664","SEATTLE, CA"
"39.9845199584961","-78.2736968994141","SEATTLE, PA"
"39.3237419128418","-111.678237915039","SEATTLE, UT"
"38.6150588989258","-77.9816665649414","SEATTLE, VA"
"47.6035690307617","-122.329452514648","SEATTLE, WA"
"40.7882804870605","-74.0549621582031","SECAUCUS, NJ"
"38.4306907653809","-121.297027587891","SHELTON, CA"
"41.3226013183594","-73.1091003417969","SHELTON, CT"
"42.2937507629395","-71.7183990478516","SHREWSBURY, MA"
"40.3103713989258","-74.0724487304688","SHREWSBURY, NJ"
"38.9061889648438","-77.0172653198242","SILVER SPRING, DC"
"38.9966812133789","-77.0288696289062","SILVER SPRING, MD"
"43.5453491210938","-96.7312774658203","SIOUX FALLS, SD"
"41.8927917480469","-71.5176696777344","SMITHFIELD, RI"
"36.9813385009766","-76.6339263916016","SMITHFIELD, VA"
"42.0483818054199","-84.3770980834961","SOMERSET, MI"
"40.4983291625977","-74.5229721069336","SOMERSET, NJ"
"29.2260894775391","-98.6577301025391","SOMERSET, TX"
"42.4968681335449","-84.1102066040039","SOUTH PLAINFIELD, MI"
"40.5849914550781","-74.4172668457031","SOUTH PLAINFIELD, NJ"
"32.3442611694336","-106.750076293945","SOUTH PLAINFIELD, NM"
"42.841911315918","-75.1713790893555","SOUTH PLAINFIELD, NY"
"37.6560592651367","-122.414176940918","SOUTH SAN FRANCISCO, CA"
"39.486174","-74.996143","SOUTH SAN FRANCISCO, NJ"
"42.3057594299316","-71.5319366455078","SOUTHBOROUGH, MA"
"40.473388671875","-90.2915725708008","SOUTHFIELD, IL"
"42.4817504882812","-83.2409286499023","SOUTHFIELD, MI"
"32.9544372558594","-97.1501617431641","SOUTHLAKE, TX"
"39.8010482788086","-89.6436004638672","SPRINGFIELD, IL"
"42.1012496948242","-72.5892868041992","SPRINGFIELD, MA"
"37.2089691162109","-93.2915573120117","SPRINGFIELD, MO"
"40.7084999084473","-74.3135681152344","SPRINGFIELD, NJ"
"42.8362197875977","-74.8543930053711","SPRINGFIELD, NY"
"39.9250183105469","-83.8067321777344","SPRINGFIELD, OH"
"44.0473098754883","-123.019538879395","SPRINGFIELD, OR"
"38.7790412902832","-77.191650390625","SPRINGFIELD, VA"
"40.1139373779297","-89.1587677001953","ST LOUIS, IL"
"43.4098892211914","-84.607177734375","ST LOUIS, MI"
"38.6277503967285","-90.1995620727539","ST LOUIS, MO"
"47.5898704528809","-92.4614868164062","ST. LOUIS, MN"
"38.6277503967285","-90.1995620727539","ST. LOUIS, MO"
"47.0334815979004","-109.645080566406","ST. LOUIS, MT"
"44.9438209533691","-93.0933227539062","ST. PAUL, MN"
"27.7711906433105","-82.6387634277344","ST. PETERSBURG, FL"
"29.6394004821777","-95.5493011474609","STAFFORD, TX"
"38.4228782653809","-77.4081726074219","STAFFORD, VA"
"43.1001014709473","-79.1328964233398","STAMFORD, CA"
"41.0518188476562","-73.5422286987305","STAMFORD, CT"
"28.6294631958008","-82.4262847900391","STAMFORD, FL"
"32.9458389282227","-99.8030395507812","STAMFORD, TX"
"37.429630279541","-122.164772033691","STANFORD, CA"
"30.3922691345215","-87.0865173339844","STANFORD, FL"
"34.1475601196289","-117.240425109863","STERLING, CA"
"31.827880859375","-101.050010681152","STERLING, TX"
"39.007682800293","-77.3928527832031","STERLING, VA"
"29.6329593658447","-95.5994491577148","SUGAR LAND, TX"
"37.371711730957","-122.03800201416","SUNNYVALE, CA"
"34.2460861206055","-82.2203216552734","SUNNYVALE, SC"
"40.6916007995605","-111.994003295898","SUNNYVALE, UT"
"26.16868019104","-80.2949295043945","SUNRISE, FL"
"34.0568809509277","-84.0653305053711","SUWANEE, GA"
"43.049991607666","-76.1473922729492","SYRACUSE, NY"
"47.2551307678223","-122.44164276123","TACOMA, WA"
"38.981258392334","-77.009880065918","TAKOMA PARK, MD"
"37.6347808837891","-122.100830078125","TALLAHASSEE, CA"
"30.439769744873","-84.280647277832","TALLAHASSEE, FL"
"27.9465293884277","-82.4592666625977","TAMPA, FL"
"33.6791801452637","-84.5074691772461","TAMPA, GA"
"41.4651489257812","-87.6985778808594","TAMPA, IL"
"39.8202285766602","-74.181266784668","TAMPA, NJ"
"41.4325790405273","-81.6972198486328","TAMPA, OH"
"29.4208297729492","-94.6903991699219","TAMPA, TX"
"37.3534393310547","-76.7193069458008","TAMPA, VA"
"41.0800704956055","-73.8586502075195","TARRYTOWN, NY"
"40.8868713378906","-74.0194931030273","TEANECK, NJ"
"33.5024795532227","-117.166931152344","TEMECULA, CA"
"33.4255104064941","-111.937423706055","TEMPE, AZ"
"49.3327217102051","-123.056869506836","TEMPE, CA"
"38.9413795471191","-104.765602111816","TEMPE, CO"
"28.0504398345947","-82.3937606811523","TEMPLE TERRACE, FL"
"33.4120559692383","-111.821060180664","TEMPLE, AZ"
"28.0275955200195","-82.3742904663086","TEMPLE, FL"
"31.097469329834","-97.3430328369141","TEMPLE, TX"
"39.4664916992188","-87.4132308959961","TERRE HAUTE, IN"
"42.6115913391113","-71.2326507568359","TEWKSBURY, MA"
"35.0289001464844","-120.552001953125","THE WOODLANDS, CA"
"30.1575202941895","-95.4557723999023","THE WOODLANDS, TX"
"30.8364200592041","-83.9804916381836","THOMASVILLE, GA"
"35.8810997009277","-80.046501159668","THOMASVILLE, NC"
"34.185359954834","-118.892776489258","THOUSAND OAKS, CA"
"45.4250793457031","-122.765777587891","TIGARD, OR"
"39.4368286132812","-76.6196594238281","TIMONIUM, MD"
"40.8965110778809","-77.838752746582","TIMONIUM, PA"
"41.5971412658691","-87.7851715087891","TINLEY PARK, IL"
"40.2995681762695","-74.092529296875","TINTON FALLS, NJ"
"40.311351776123","-74.8814086914062","TITUSVILLE, NJ"
"41.65380859375","-83.536262512207","TOLEDO, OH"
"30.0958003997803","-95.6170883178711","TOMBALL, TX"
"39.952880859375","-74.1937866210938","TOMS RIVER, NJ"
"43.0188293457031","-78.8863677978516","TONAWANDA, NY"
"39.0492782592773","-95.6711807250977","TOPEKA, KS"
"33.8366584777832","-118.341659545898","TORRANCE, CA"
"40.903980255127","-74.2172698974609","TOTOWA, NJ"
"39.3999404907227","-76.6053619384766","TOWSON, MD"
"37.7397003173828","-121.426406860352","TRACY, CA"
"42.1404685974121","-83.179443359375","TRENTON, MI"
"40.2178802490234","-74.7593994140625","TRENTON, NJ"
"33.7402687072754","-81.8424072265625","TRENTON, SC"
"40.1393013000488","-74.9810028076172","TREVOSE, PA"
"39.3156814575195","-120.444877624512","TROY, CA"
"42.562370300293","-83.1544876098633","TROY, MI"
"43.86962890625","-92.067268371582","TROY, MN"
"42.734489440918","-73.6880874633789","TROY, NY"
"41.2349510192871","-73.2196731567383","TRUMBULL, CT"
"45.3768997192383","-122.73999786377","TUALATIN, OR"
"33.8543510437012","-84.212028503418","TUCKER, GA"
"32.221549987793","-110.969757080078","TUCSON, AZ"
"32.221549987793","-110.969757080078","TUCSON,, AZ"
"47.4625015258789","-122.255737304688","TUKWILA, WA"
"36.1497383117676","-95.9933319091797","TULSA, OK"
"46.9853782653809","-122.911682128906","TUMWATER, WA"
"37.4950103759766","-120.846420288086","TURLOCK, CA"
"33.2104911804199","-87.5659332275391","TUSCALOOSA, AL"
"33.7433204650879","-117.818817138672","TUSTIN, CA"
"41.3131294250488","-81.4402465820312","TWINSBURG, OH"
"32.347469329834","-95.2942962646484","TYLER, TX"
"38.9230117797852","-77.2262878417969","TYSONS CORNER, VA"
"41.4280815124512","-72.1134719848633","UNCASVILLE, CT"
"37.5888290405273","-122.02751159668","UNION CITY, CA"
"40.773868560791","-74.0246887207031","UNION CITY, NJ"
"42.68701171875","-88.051872253418","UNION GROVE, WI"
"38.4459495544434","-91.0086669921875","UNION, MO"
"40.6960983276367","-74.2685089111328","UNION, NJ"
"40.7179298400879","-73.5935363769531","UNIONDALE, NY"
"39.902099609375","-79.7241821289062","UNIONTOWN, PA"
"34.1388893127441","-118.361923217773","UNIVERSAL CITY, CA"
"29.5570602416992","-98.3085327148438","UNIVERSAL CITY, TX"
"32.8652992248535","-117.21223449707","UNIVERSITY CITY, CA"
"41.497730255127","-81.5362777709961","UNIVERSITY HEIGHTS, OH"
"41.4458808898926","-87.6865234375","UNIVERSITY PARK, IL"
"40.7995681762695","-77.8606872558594","UNIVERSITY PARK, PA"
"34.3650093078613","-89.5324020385742","UNIVERSITY, MS"
"34.0990982055664","-117.651008605957","UPLAND, CA"
"40.0320816040039","-83.0515213012695","UPPER ARLINGTON, OH"
"39.9603691101074","-75.2629623413086","UPPER DARBY, PA"
"38.8185005187988","-76.7500686645508","UPPER MARLBORO, MD"
"41.0648307800293","-74.0980606079102","UPPER SADDLE RIVER, NJ"
"42.1735916137695","-71.6033020019531","UPTON, MA"
"41.6250495910645","-93.7124328613281","URBADALE, IA"
"40.1172714233398","-88.2044906616211","URBANA, IL"
"39.326171875","-77.3526229858398","URBANA, MD"
"37.8422088623047","-93.1663970947266","URBANA, MO"
"41.6250495910645","-93.7124328613281","URBANDALE, IA"
"39.9198036193848","-86.2817993164062","URBANDALE, IN"
"41.6250495910645","-93.7124328613281","URBANDALE,, IA"
"42.6259994506836","-83.0356597900391","UTICA, MI"
"43.095890045166","-75.2425765991211","UTICA, NY"
"38.3515281677246","-121.993263244629","VACAVILLE, CA"
"45.0646591186523","-93.0720901489258","VADNAIS HEIGHTS, MN"
"34.4435997009277","-118.610000610352","VALENCIA, CA"
"41.0736198425293","-73.7726287841797","VALHALLA, NY"
"38.100830078125","-122.254951477051","VALLEJO, CA"
"41.2376518249512","-81.929817199707","VALLEY CITY, OH"
"41.112491607666","-73.9610214233398","VALLEY COTTAGE, NY"
"40.6641883850098","-73.7085113525391","VALLEY STREAM, NY"
"41.3800506591797","-81.6067962646484","VALLEY VIEW, OH"
"41.3166999816895","-96.36669921875","VALLEY, NE"
"41.4677505493164","-87.0616226196289","VALPARAISO, IN"
"42.2205543518066","-83.4875030517578","VAN BUREN CHARTER TOWNSHIP, MI"
"42.2337112426758","-83.4947891235352","VAN BUREN TOWNSHIP, MI"
"42.2337112426758","-83.4947891235352","VAN BUREN TWP, MI"
"42.2593955993652","-85.9849700927734","VAN BUREN, MI"
"34.197811126709","-118.465385437012","VAN NUYS, CA"
"49.2811012268066","-123.043998718262","VANCOUVER, CA"
"45.632209777832","-122.671562194824","VANCOUVER, WA"
"39.891300201416","-84.1929779052734","VANDALIA, OH"
"33.9917449951172","-118.462608337402","VENICE, CA"
"27.0994396209717","-82.4500122070312","VENICE, FL"
"34.280818939209","-119.292320251465","VENTURA, CA"
"44.1672782897949","-73.2533874511719","VERGENNES, VT"
"42.2223014831543","-87.970817565918","VERNON HILLS, IL"
"34.0051803588867","-118.230247497559","VERNON, CA"
"41.8681602478027","-72.4599609375","VERNON, CT"
"27.6388492584229","-80.3942184448242","VERO BEACH, FL"
"42.9914588928223","-89.5284194946289","VERONA, WI"
"38.0522613525391","-84.7304077148438","VERSAILLES, KY"
"40.2226295471191","-84.4839096069336","VERSAILLES, OH"
"42.9822387695312","-77.4084167480469","VICTOR, NY"
"38.9003715515137","-77.2636489868164","VIENNA, VA"
"41.889289855957","-87.9791030883789","VILLA PARK, IL"
"36.7550201416016","-76.059196472168","VIRGINIA BEACH, VA"
"33.2020301818848","-117.233963012695","VISTA, CA"
"39.8549995422363","-74.983772277832","VOORHEES, NJ"
"42.5064392089844","-71.0724334716797","WAKEFIELD, MA"
"39.3130111694336","-76.6996841430664","WAKEFIELD, MD"
"41.4536209106445","-72.8187026977539","WALLINGFORD, CT"
"37.901180267334","-122.061622619629","WALNUT CREEK, CA"
"42.374195098877","-71.2363128662109","WALTHAM, CA"
"42.3764381408691","-71.2353210449219","WALTHAM, MA"
"44.1191596984863","-69.2500534057617","WARREN, ME"
"42.5111083984375","-83.0285186767578","WARREN, MI"
"40.6190414428711","-74.4912261962891","WARREN, NJ"
"41.236198425293","-80.8127975463867","WARREN, OH"
"41.8235092163086","-88.1815567016602","WARRENVILLE, IL"
"41.2385597229004","-85.8527984619141","WARSAW, IN"
"38.8903694152832","-77.0319595336914","WASHINGTON DC, DC"
"NA","NA","WASHINGTON DC, NE"
"NA","NA","WASHINGTON DC, TX"
"NA","NA","WASHINGTON DC, VA"
"38.8903694152832","-77.0319595336914","WASHINGTON, DC"
"30.6107292175293","-85.665397644043","WASHINGTON, FL"
"33.7353515625","-82.739631652832","WASHINGTON, GA"
"42.7229881286621","-83.0358123779297","WASHINGTON, MI"
"38.553539276123","-91.0010833740234","WASHINGTON, MO"
"35.5453186035156","-77.0604782104492","WASHINGTON, NC"
"45.5601196289062","-123.098541259766","WASHINGTON, OR"
"40.1675682067871","-80.2463226318359","WASHINGTON, PA"
"47.6035690307617","-122.329452514648","WASHINGTON, WA"
"41.6048698425293","-73.1194000244141","WATERTOWN, CT"
"42.3676109313965","-71.1878814697266","WATERTOWN, MA"
"45.3152503967285","-69.2039489746094","WATERTOWN, ME"
"43.9755783081055","-75.9131622314453","WATERTOWN, NY"
"29.5559902191162","-98.6021728515625","WATERTOWN, TX"
"42.3620796203613","-87.833869934082","WAUKEGAN, IL"
"47.9132614135742","-122.577079772949","WAUKESHA, WA"
"43.0145797729492","-88.235481262207","WAUKESHA, WI"
"43.0607490539551","-88.0084381103516","WAUWATOSA, WI"
"39.7837982177734","-75.4897918701172","WAYNE, DE"
"42.2847900390625","-83.260986328125","WAYNE, MI"
"40.9293594360352","-74.228759765625","WAYNE, NJ"
"40.045051574707","-75.3912506103516","WAYNE, PA"
"42.0497398376465","-71.8809661865234","WEBSTER, MA"
"43.208869934082","-77.4596176147461","WEBSTER, NY"
"29.5333595275879","-95.119140625","WEBSTER, TX"
"40.7749099731445","-74.0203399658203","WEEHAWKEN, NJ"
"42.2977600097656","-71.2897415161133","WELLESLEY, MA"
"39.749778","-75.548737","WEST CHESTER, DE"
"40.7791595458984","-74.7228317260742","WEST CHESTER, NJ"
"39.3315505981445","-84.4075012207031","WEST CHESTER, OH"
"39.963508605957","-75.5984802246094","WEST CHESTER, PA"
"41.5676498413086","-93.7575378417969","WEST DES MOINES, IA"
"34.0394401550293","-118.452445983887","WEST DES MOINES, LA"
"40.4310417175293","-86.9136505126953","WEST LAFAYETTE, IN"
"26.7143898010254","-80.0531921386719","WEST PALM BEACH, FL"
"32.8772010803223","-85.1740188598633","WEST POINT, GA"
"40.2074890136719","-75.2978668212891","WEST POINT, PA"
"38.5709991455078","-121.550148010254","WEST SACRAMENTO, CA"
"42.268798828125","-71.6138610839844","WESTBOROUGH, MA"
"41.8633003234863","-87.8802795410156","WESTCHESTER, IL"
"41.1514205932617","-73.7533874511719","WESTCHESTER, NY"
"39.963508605957","-75.5984802246094","WESTCHESTER, PA"
"40.1257705688477","-82.9315414428711","WESTERVILLE, OH"
"42.5826606750488","-71.4370880126953","WESTFORD, MA"
"34.1493606567383","-118.818862915039","WESTLAKE VILLAGE, CA"
"30.242359161377","-93.2556304931641","WESTLAKE, LA"
"41.4598388671875","-81.9238891601562","WESTLAKE, OH"
"32.9811325073242","-97.2031097412109","WESTLAKE, TX"
"39.8833122253418","-105.061904907227","WESTMINSTER, CO"
"42.5476112365723","-71.9163436889648","WESTMINSTER, MA"
"39.5744781494141","-76.992561340332","WESTMINSTER, MD"
"26.0846500396729","-80.3711013793945","WESTON, FL"
"42.3690185546875","-71.2987670898438","WESTON, MA"
"41.12451171875","-73.3719100952148","WESTPORT, CT"
"40.8307495117188","-74.4111785888672","WHIPPANY, NJ"
"41.0335388183594","-73.7641525268555","WHITE PLAINS, NY"
"43.9388122558594","-120.55859375","WHITE PLAINS, OR"
"37.6869812011719","-97.335578918457","WICHITA, KS"
"33.9880294799805","-98.7031784057617","WICHITA, TX"
"41.8793792724609","-72.3013305664062","WILMINGTON, CT"
"39.7402305603027","-75.5508422851562","WILMINGTON, DE"
"42.5639495849609","-71.1813583374023","WILMINGTON, MA"
"34.2349700927734","-77.9459915161133","WILMINGTON, NC"
"39.4471092224121","-83.828369140625","WILMINGTON, OH"
"35.7216911315918","-77.9161376953125","WILSON, NC"
"41.1906204223633","-73.4272613525391","WILTON, CT"
"39.3329887390137","-76.7596893310547","WINDSOR MILL, MD"
"40.4277687072754","-79.9944000244141","WINDSOR MILL, PA"
"38.5490989685059","-122.812606811523","WINDSOR, CA"
"41.851749420166","-72.6435089111328","WINDSOR, CT"
"38.8047981262207","-76.8272018432617","WINDSOR, MD"
"40.2447814941406","-74.5848693847656","WINDSOR, NJ"
"36.0996208190918","-80.2410888671875","WINSTON-SALEM, NC"
"34.046959","-118.247201","WINSTON SALEM, CA"
"36.0996208190918","-80.2410888671875","WINSTON SALEM, NC"
"42.5245513916016","-83.5293197631836","WIXOM, MI"
"42.4792213439941","-71.1506118774414","WOBURN, MA"
"39.4175605773926","-76.9334716796875","WOBURN, MD"
"40.5209808349609","-74.519157409668","WOBURN, NJ"
"40.5555191040039","-74.2760620117188","WOODBRIDGE, NJ"
"38.6605911254883","-77.2478713989258","WOODBRIDGE, VA"
"41.5424385070801","-73.2084808349609","WOODBURY, CT"
"44.9198684692383","-92.9406127929688","WOODBURY, MN"
"41.362621307373","-74.1062698364258","WOODBURY, NY"
"41.0218391418457","-74.0490264892578","WOODCLIFF LAKE, NJ"
"34.1661758422852","-118.604881286621","WOODLAND HILLS, CA"
"42.003059387207","-71.5133590698242","WOONSOCKET, RI"
"33.9038619995117","-80.8937530517578","WOONSOCKET, SC"
"42.2634086608887","-71.8021926879883","WORCESTER, MA"
"40.1973686218262","-75.3489532470703","WORCESTER, PA"
"63.1746444702148","-153.705093383789","XXX, AK"
"32.766544342041","-86.8402862548828","XXX, AL"
"40.241340637207","-74.8373794555664","YARDLEY, PA"
"40.932991027832","-73.8987426757812","YONKERS, NY"
"33.891170501709","-117.824317932129","YORBA LINDA, CA"
"39.9645309448242","-76.7242889404297","YORK, PA"
"41.2685089111328","-73.7831115722656","YORKTOWN HEIGHT, NY"
"41.2685089111328","-73.7831115722656","YORKTOWN HEIGHTS, NY"
"41.2685089111328","-73.7831115722656","YORKTOWN, NY"
"41.0980987548828","-80.6507873535156","YOUNGSTOWN, OH"
"42.2408103942871","-83.6130905151367","YPSILANTI, MI"
"42.812141418457","-86.0165328979492","ZEELAND, MI"
"39.0039710998535","-119.947250366211","ZEPHYR COVE, NV"
"28.2340106964111","-82.1818923950195","ZEPHYRHILLS, FL"
"39.9502296447754","-86.2621612548828","ZIONSVILLE, IN"
